Order ID,Customer ID
ORD-000001,C00460
ORD-000002,C00028
ORD-000003,C01065
ORD-000004,C00773
ORD-000005,C00600
ORD-000006,C00972
ORD-000007,C00791
ORD-000008,C00781
ORD-000009,C01135
ORD-000010,C00575
ORD-000011,C00699
ORD-000012,C00480
ORD-000013,C01185
ORD-000014,C00903
ORD-000015,C00283
ORD-000016,C00574
ORD-000017,C01176
ORD-000018,C00837
ORD-000019,C00209
ORD-000020,C00540
ORD-000021,C01096
ORD-000022,C00939
ORD-000023,C00835
ORD-000024,C00050
ORD-000025,C01108
ORD-000026,C00621
ORD-000027,C00907
ORD-000028,C00110
ORD-000029,C00363
ORD-000030,C00304
ORD-000031,C00196
ORD-000032,C00265
ORD-000033,C01192
ORD-000034,C00848
ORD-000035,C00882
ORD-000036,C00934
ORD-000037,C01029
ORD-000038,C00429
ORD-000039,C00724
ORD-000040,C00995
ORD-000041,C00015
ORD-000042,C00718
ORD-000043,C01063
ORD-000044,C00810
ORD-000045,C00838
ORD-000046,C01198
ORD-000047,C01048
ORD-000048,C00840
ORD-000049,C00361
ORD-000050,C01132
ORD-000051,C00527
ORD-000052,C01164
ORD-000053,C01035
ORD-000054,C00174
ORD-000055,C01040
ORD-000056,C00734
ORD-000057,C00945
ORD-000058,C00922
ORD-000059,C00476
ORD-000060,C00188
ORD-000061,C00951
ORD-000062,C00691
ORD-000063,C00573
ORD-000064,C01043
ORD-000065,C00102
ORD-000066,C00100
ORD-000067,C00448
ORD-000068,C00409
ORD-000069,C00811
ORD-000070,C01121
ORD-000071,C00845
ORD-000072,C00926
ORD-000073,C00618
ORD-000074,C00726
ORD-000075,C01059
ORD-000076,C00354
ORD-000077,C00635
ORD-000078,C00737
ORD-000079,C00965
ORD-000080,C00022
ORD-000081,C01100
ORD-000082,C00916
ORD-000083,C00223
ORD-000084,C00094
ORD-000085,C00178
ORD-000086,C01053
ORD-000087,C01031
ORD-000088,C00270
ORD-000089,C00558
ORD-000090,C00201
ORD-000091,C00126
ORD-000092,C00505
ORD-000093,C00013
ORD-000094,C01167
ORD-000095,C00791
ORD-000096,C01100
ORD-000097,C00862
ORD-000098,C01151
ORD-000099,C00036
ORD-000100,C00056
ORD-000101,C01065
ORD-000102,C00669
ORD-000103,C00904
ORD-000104,C00874
ORD-000105,C00829
ORD-000106,C00306
ORD-000107,C01013
ORD-000108,C01124
ORD-000109,C01139
ORD-000110,C00355
ORD-000111,C01157
ORD-000112,C00838
ORD-000113,C00945
ORD-000114,C00198
ORD-000115,C00254
ORD-000116,C00040
ORD-000117,C01112
ORD-000118,C00419
ORD-000119,C00453
ORD-000120,C00046
ORD-000121,C00542
ORD-000122,C00410
ORD-000123,C00077
ORD-000124,C00543
ORD-000125,C00843
ORD-000126,C00104
ORD-000127,C00128
ORD-000128,C00902
ORD-000129,C01121
ORD-000130,C00539
ORD-000131,C00391
ORD-000132,C00802
ORD-000133,C00608
ORD-000134,C00606
ORD-000135,C00958
ORD-000136,C00711
ORD-000137,C00498
ORD-000138,C00182
ORD-000139,C00013
ORD-000140,C00868
ORD-000141,C00315
ORD-000142,C00491
ORD-000143,C00502
ORD-000144,C00172
ORD-000145,C00940
ORD-000146,C01115
ORD-000147,C00779
ORD-000148,C00380
ORD-000149,C00809
ORD-000150,C00536
ORD-000151,C00025
ORD-000152,C01169
ORD-000153,C01145
ORD-000154,C00223
ORD-000155,C00105
ORD-000156,C00425
ORD-000157,C00552
ORD-000158,C00893
ORD-000159,C00137
ORD-000160,C00105
ORD-000161,C00276
ORD-000162,C00900
ORD-000163,C00311
ORD-000164,C01176
ORD-000165,C00005
ORD-000166,C00796
ORD-000167,C00775
ORD-000168,C00429
ORD-000169,C00649
ORD-000170,C00890
ORD-000171,C00597
ORD-000172,C00837
ORD-000173,C00537
ORD-000174,C01190
ORD-000175,C01016
ORD-000176,C01061
ORD-000177,C00367
ORD-000178,C00059
ORD-000179,C00216
ORD-000180,C00661
ORD-000181,C01005
ORD-000182,C00933
ORD-000183,C01003
ORD-000184,C00225
ORD-000185,C00905
ORD-000186,C00093
ORD-000187,C00148
ORD-000188,C00711
ORD-000189,C00072
ORD-000190,C00928
ORD-000191,C00667
ORD-000192,C00556
ORD-000193,C00236
ORD-000194,C00513
ORD-000195,C00816
ORD-000196,C01143
ORD-000197,C00973
ORD-000198,C00982
ORD-000199,C00179
ORD-000200,C00936
ORD-000201,C00543
ORD-000202,C00115
ORD-000203,C00687
ORD-000204,C00470
ORD-000205,C00529
ORD-000206,C00765
ORD-000207,C01119
ORD-000208,C00681
ORD-000209,C01128
ORD-000210,C00648
ORD-000211,C01009
ORD-000212,C00226
ORD-000213,C00080
ORD-000214,C01126
ORD-000215,C01140
ORD-000216,C00959
ORD-000217,C00916
ORD-000218,C00504
ORD-000219,C00823
ORD-000220,C00218
ORD-000221,C00480
ORD-000222,C00036
ORD-000223,C01193
ORD-000224,C00437
ORD-000225,C00115
ORD-000226,C00104
ORD-000227,C01099
ORD-000228,C00127
ORD-000229,C01123
ORD-000230,C01073
ORD-000231,C00700
ORD-000232,C01000
ORD-000233,C00823
ORD-000234,C01088
ORD-000235,C00304
ORD-000236,C00827
ORD-000237,C00101
ORD-000238,C01079
ORD-000239,C00365
ORD-000240,C00560
ORD-000241,C00993
ORD-000242,C00250
ORD-000243,C00403
ORD-000244,C01199
ORD-000245,C00873
ORD-000246,C00058
ORD-000247,C00010
ORD-000248,C00926
ORD-000249,C01047
ORD-000250,C00424
ORD-000251,C00941
ORD-000252,C00940
ORD-000253,C00692
ORD-000254,C00424
ORD-000255,C00650
ORD-000256,C01028
ORD-000257,C01007
ORD-000258,C00569
ORD-000259,C00124
ORD-000260,C00400
ORD-000261,C00469
ORD-000262,C00923
ORD-000263,C01138
ORD-000264,C00401
ORD-000265,C00398
ORD-000266,C00240
ORD-000267,C01104
ORD-000268,C00570
ORD-000269,C00402
ORD-000270,C00545
ORD-000271,C00957
ORD-000272,C00726
ORD-000273,C01104
ORD-000274,C00006
ORD-000275,C00069
ORD-000276,C00829
ORD-000277,C00505
ORD-000278,C00506
ORD-000279,C00072
ORD-000280,C00618
ORD-000281,C00328
ORD-000282,C01108
ORD-000283,C01108
ORD-000284,C00425
ORD-000285,C00837
ORD-000286,C00376
ORD-000287,C00676
ORD-000288,C00698
ORD-000289,C00620
ORD-000290,C00911
ORD-000291,C00760
ORD-000292,C00735
ORD-000293,C01031
ORD-000294,C00145
ORD-000295,C01001
ORD-000296,C00354
ORD-000297,C01150
ORD-000298,C01054
ORD-000299,C00202
ORD-000300,C00581
ORD-000301,C00101
ORD-000302,C00305
ORD-000303,C00940
ORD-000304,C00682
ORD-000305,C01176
ORD-000306,C00314
ORD-000307,C00083
ORD-000308,C01149
ORD-000309,C00416
ORD-000310,C00661
ORD-000311,C00322
ORD-000312,C00979
ORD-000313,C00194
ORD-000314,C00956
ORD-000315,C00295
ORD-000316,C00706
ORD-000317,C00116
ORD-000318,C00287
ORD-000319,C00928
ORD-000320,C00550
ORD-000321,C01141
ORD-000322,C00406
ORD-000323,C00073
ORD-000324,C00331
ORD-000325,C00902
ORD-000326,C00662
ORD-000327,C00720
ORD-000328,C00131
ORD-000329,C00493
ORD-000330,C00070
ORD-000331,C00408
ORD-000332,C00873
ORD-000333,C00835
ORD-000334,C00007
ORD-000335,C00068
ORD-000336,C00012
ORD-000337,C00079
ORD-000338,C00805
ORD-000339,C00861
ORD-000340,C00398
ORD-000341,C00870
ORD-000342,C00043
ORD-000343,C00201
ORD-000344,C01199
ORD-000345,C00464
ORD-000346,C00324
ORD-000347,C00943
ORD-000348,C00088
ORD-000349,C00060
ORD-000350,C00261
ORD-000351,C00511
ORD-000352,C00952
ORD-000353,C00605
ORD-000354,C01077
ORD-000355,C00815
ORD-000356,C01158
ORD-000357,C00753
ORD-000358,C00822
ORD-000359,C00143
ORD-000360,C00011
ORD-000361,C00617
ORD-000362,C00345
ORD-000363,C01028
ORD-000364,C00293
ORD-000365,C00862
ORD-000366,C00017
ORD-000367,C00340
ORD-000368,C00157
ORD-000369,C00288
ORD-000370,C00999
ORD-000371,C00767
ORD-000372,C00300
ORD-000373,C00492
ORD-000374,C00950
ORD-000375,C00203
ORD-000376,C00422
ORD-000377,C00006
ORD-000378,C00281
ORD-000379,C01068
ORD-000380,C00889
ORD-000381,C01013
ORD-000382,C00008
ORD-000383,C01049
ORD-000384,C00628
ORD-000385,C00611
ORD-000386,C00755
ORD-000387,C00229
ORD-000388,C00866
ORD-000389,C00592
ORD-000390,C00112
ORD-000391,C00511
ORD-000392,C00221
ORD-000393,C00790
ORD-000394,C01181
ORD-000395,C01188
ORD-000396,C00948
ORD-000397,C00249
ORD-000398,C00387
ORD-000399,C00876
ORD-000400,C00870
ORD-000401,C00553
ORD-000402,C00341
ORD-000403,C00930
ORD-000404,C00761
ORD-000405,C00190
ORD-000406,C00022
ORD-000407,C00532
ORD-000408,C00486
ORD-000409,C00403
ORD-000410,C00184
ORD-000411,C00530
ORD-000412,C00367
ORD-000413,C01099
ORD-000414,C00258
ORD-000415,C00657
ORD-000416,C00256
ORD-000417,C00657
ORD-000418,C00189
ORD-000419,C00083
ORD-000420,C00567
ORD-000421,C00583
ORD-000422,C00605
ORD-000423,C00812
ORD-000424,C00301
ORD-000425,C00371
ORD-000426,C00344
ORD-000427,C01133
ORD-000428,C00275
ORD-000429,C00983
ORD-000430,C00394
ORD-000431,C01176
ORD-000432,C00506
ORD-000433,C00425
ORD-000434,C01169
ORD-000435,C00625
ORD-000436,C00109
ORD-000437,C00752
ORD-000438,C00195
ORD-000439,C00494
ORD-000440,C01072
ORD-000441,C00272
ORD-000442,C00303
ORD-000443,C00373
ORD-000444,C00802
ORD-000445,C00774
ORD-000446,C00138
ORD-000447,C00199
ORD-000448,C00951
ORD-000449,C00286
ORD-000450,C00909
ORD-000451,C00849
ORD-000452,C00055
ORD-000453,C00143
ORD-000454,C00908
ORD-000455,C00079
ORD-000456,C00973
ORD-000457,C00541
ORD-000458,C00407
ORD-000459,C00663
ORD-000460,C01184
ORD-000461,C00371
ORD-000462,C00689
ORD-000463,C00228
ORD-000464,C01030
ORD-000465,C00892
ORD-000466,C00380
ORD-000467,C01008
ORD-000468,C00591
ORD-000469,C01150
ORD-000470,C01038
ORD-000471,C00487
ORD-000472,C00258
ORD-000473,C00117
ORD-000474,C00928
ORD-000475,C00889
ORD-000476,C00375
ORD-000477,C01173
ORD-000478,C00804
ORD-000479,C00339
ORD-000480,C00810
ORD-000481,C00325
ORD-000482,C01118
ORD-000483,C00194
ORD-000484,C00707
ORD-000485,C00040
ORD-000486,C00439
ORD-000487,C01020
ORD-000488,C00140
ORD-000489,C00724
ORD-000490,C00543
ORD-000491,C00036
ORD-000492,C01073
ORD-000493,C00218
ORD-000494,C00620
ORD-000495,C00125
ORD-000496,C00376
ORD-000497,C00203
ORD-000498,C00778
ORD-000499,C00157
ORD-000500,C00196
ORD-000501,C00417
ORD-000502,C00947
ORD-000503,C00834
ORD-000504,C00455
ORD-000505,C00316
ORD-000506,C00666
ORD-000507,C00451
ORD-000508,C00812
ORD-000509,C00147
ORD-000510,C00414
ORD-000511,C00107
ORD-000512,C00846
ORD-000513,C00465
ORD-000514,C00005
ORD-000515,C00558
ORD-000516,C00741
ORD-000517,C00878
ORD-000518,C00206
ORD-000519,C00213
ORD-000520,C00774
ORD-000521,C00418
ORD-000522,C00529
ORD-000523,C00682
ORD-000524,C00534
ORD-000525,C00878
ORD-000526,C00261
ORD-000527,C00909
ORD-000528,C00112
ORD-000529,C00999
ORD-000530,C00208
ORD-000531,C01067
ORD-000532,C00605
ORD-000533,C00666
ORD-000534,C00937
ORD-000535,C00071
ORD-000536,C00695
ORD-000537,C00659
ORD-000538,C00070
ORD-000539,C00099
ORD-000540,C00363
ORD-000541,C00786
ORD-000542,C00645
ORD-000543,C00265
ORD-000544,C01118
ORD-000545,C00539
ORD-000546,C00181
ORD-000547,C00682
ORD-000548,C01060
ORD-000549,C01075
ORD-000550,C00728
ORD-000551,C00027
ORD-000552,C01149
ORD-000553,C00313
ORD-000554,C01116
ORD-000555,C00138
ORD-000556,C00932
ORD-000557,C00850
ORD-000558,C00936
ORD-000559,C00622
ORD-000560,C01035
ORD-000561,C00436
ORD-000562,C00420
ORD-000563,C00201
ORD-000564,C00083
ORD-000565,C00963
ORD-000566,C01166
ORD-000567,C00858
ORD-000568,C00403
ORD-000569,C00147
ORD-000570,C00074
ORD-000571,C00568
ORD-000572,C00218
ORD-000573,C00954
ORD-000574,C00191
ORD-000575,C00085
ORD-000576,C00750
ORD-000577,C00777
ORD-000578,C00602
ORD-000579,C00766
ORD-000580,C00980
ORD-000581,C00557
ORD-000582,C00401
ORD-000583,C00649
ORD-000584,C00173
ORD-000585,C01162
ORD-000586,C00410
ORD-000587,C01094
ORD-000588,C00294
ORD-000589,C00423
ORD-000590,C01088
ORD-000591,C00492
ORD-000592,C00241
ORD-000593,C00047
ORD-000594,C00759
ORD-000595,C00381
ORD-000596,C00478
ORD-000597,C00299
ORD-000598,C00251
ORD-000599,C01181
ORD-000600,C00151
ORD-000601,C01000
ORD-000602,C01146
ORD-000603,C00378
ORD-000604,C00931
ORD-000605,C00387
ORD-000606,C01018
ORD-000607,C00796
ORD-000608,C00780
ORD-000609,C00585
ORD-000610,C00182
ORD-000611,C01158
ORD-000612,C00827
ORD-000613,C00020
ORD-000614,C00701
ORD-000615,C00879
ORD-000616,C00688
ORD-000617,C00730
ORD-000618,C00013
ORD-000619,C00712
ORD-000620,C00337
ORD-000621,C01014
ORD-000622,C01141
ORD-000623,C00986
ORD-000624,C00501
ORD-000625,C00253
ORD-000626,C01160
ORD-000627,C00983
ORD-000628,C00489
ORD-000629,C00542
ORD-000630,C00778
ORD-000631,C00272
ORD-000632,C01096
ORD-000633,C01168
ORD-000634,C00301
ORD-000635,C00628
ORD-000636,C00386
ORD-000637,C00711
ORD-000638,C00565
ORD-000639,C01137
ORD-000640,C00690
ORD-000641,C00836
ORD-000642,C00353
ORD-000643,C00361
ORD-000644,C00033
ORD-000645,C00239
ORD-000646,C00118
ORD-000647,C01095
ORD-000648,C00517
ORD-000649,C00453
ORD-000650,C00726
ORD-000651,C00641
ORD-000652,C01134
ORD-000653,C00620
ORD-000654,C00175
ORD-000655,C00562
ORD-000656,C00987
ORD-000657,C00800
ORD-000658,C00665
ORD-000659,C00389
ORD-000660,C01121
ORD-000661,C00158
ORD-000662,C00299
ORD-000663,C00131
ORD-000664,C00762
ORD-000665,C00833
ORD-000666,C00774
ORD-000667,C01123
ORD-000668,C00945
ORD-000669,C00173
ORD-000670,C00474
ORD-000671,C00144
ORD-000672,C00350
ORD-000673,C00327
ORD-000674,C00691
ORD-000675,C00454
ORD-000676,C00637
ORD-000677,C00983
ORD-000678,C01074
ORD-000679,C00870
ORD-000680,C01156
ORD-000681,C00503
ORD-000682,C01114
ORD-000683,C00616
ORD-000684,C00908
ORD-000685,C01146
ORD-000686,C00898
ORD-000687,C00724
ORD-000688,C00333
ORD-000689,C00440
ORD-000690,C00356
ORD-000691,C00620
ORD-000692,C00698
ORD-000693,C01047
ORD-000694,C00052
ORD-000695,C00228
ORD-000696,C01100
ORD-000697,C00527
ORD-000698,C01051
ORD-000699,C00544
ORD-000700,C00584
ORD-000701,C00129
ORD-000702,C00700
ORD-000703,C01036
ORD-000704,C00784
ORD-000705,C00598
ORD-000706,C00821
ORD-000707,C00259
ORD-000708,C00381
ORD-000709,C00600
ORD-000710,C00014
ORD-000711,C00090
ORD-000712,C00958
ORD-000713,C00267
ORD-000714,C00808
ORD-000715,C00043
ORD-000716,C00300
ORD-000717,C00074
ORD-000718,C00483
ORD-000719,C00576
ORD-000720,C00130
ORD-000721,C00951
ORD-000722,C00215
ORD-000723,C00328
ORD-000724,C01040
ORD-000725,C00879
ORD-000726,C01186
ORD-000727,C00340
ORD-000728,C00060
ORD-000729,C00886
ORD-000730,C00639
ORD-000731,C00985
ORD-000732,C01130
ORD-000733,C00061
ORD-000734,C00938
ORD-000735,C00925
ORD-000736,C00618
ORD-000737,C00967
ORD-000738,C01118
ORD-000739,C01071
ORD-000740,C00668
ORD-000741,C00234
ORD-000742,C01190
ORD-000743,C01014
ORD-000744,C00250
ORD-000745,C00286
ORD-000746,C00023
ORD-000747,C00707
ORD-000748,C00313
ORD-000749,C00194
ORD-000750,C00947
ORD-000751,C00878
ORD-000752,C00090
ORD-000753,C00312
ORD-000754,C00933
ORD-000755,C00192
ORD-000756,C00739
ORD-000757,C00566
ORD-000758,C00559
ORD-000759,C00216
ORD-000760,C00843
ORD-000761,C00025
ORD-000762,C00321
ORD-000763,C00615
ORD-000764,C01082
ORD-000765,C00921
ORD-000766,C00461
ORD-000767,C00825
ORD-000768,C00020
ORD-000769,C00330
ORD-000770,C00094
ORD-000771,C00321
ORD-000772,C00062
ORD-000773,C00757
ORD-000774,C00691
ORD-000775,C00927
ORD-000776,C00488
ORD-000777,C01050
ORD-000778,C00687
ORD-000779,C00405
ORD-000780,C00485
ORD-000781,C00446
ORD-000782,C01170
ORD-000783,C00220
ORD-000784,C00915
ORD-000785,C01077
ORD-000786,C00152
ORD-000787,C00625
ORD-000788,C00843
ORD-000789,C00607
ORD-000790,C00234
ORD-000791,C00721
ORD-000792,C00957
ORD-000793,C00869
ORD-000794,C01109
ORD-000795,C00920
ORD-000796,C00501
ORD-000797,C01034
ORD-000798,C00645
ORD-000799,C00114
ORD-000800,C01141
ORD-000801,C01143
ORD-000802,C00024
ORD-000803,C00147
ORD-000804,C00848
ORD-000805,C00411
ORD-000806,C00780
ORD-000807,C00281
ORD-000808,C00309
ORD-000809,C00367
ORD-000810,C00042
ORD-000811,C00155
ORD-000812,C00779
ORD-000813,C00024
ORD-000814,C00649
ORD-000815,C00714
ORD-000816,C00131
ORD-000817,C00284
ORD-000818,C00357
ORD-000819,C00074
ORD-000820,C00519
ORD-000821,C00807
ORD-000822,C00874
ORD-000823,C00130
ORD-000824,C00770
ORD-000825,C01041
ORD-000826,C00258
ORD-000827,C01115
ORD-000828,C00648
ORD-000829,C00605
ORD-000830,C01037
ORD-000831,C00065
ORD-000832,C01127
ORD-000833,C00805
ORD-000834,C00021
ORD-000835,C01113
ORD-000836,C00081
ORD-000837,C00016
ORD-000838,C00898
ORD-000839,C00514
ORD-000840,C01072
ORD-000841,C00110
ORD-000842,C01042
ORD-000843,C00045
ORD-000844,C01112
ORD-000845,C01160
ORD-000846,C00688
ORD-000847,C00815
ORD-000848,C00943
ORD-000849,C00030
ORD-000850,C00179
ORD-000851,C00149
ORD-000852,C00444
ORD-000853,C00257
ORD-000854,C00453
ORD-000855,C00524
ORD-000856,C00204
ORD-000857,C00289
ORD-000858,C00690
ORD-000859,C00408
ORD-000860,C00849
ORD-000861,C00408
ORD-000862,C01131
ORD-000863,C01049
ORD-000864,C00876
ORD-000865,C00654
ORD-000866,C01143
ORD-000867,C00347
ORD-000868,C00238
ORD-000869,C00512
ORD-000870,C01104
ORD-000871,C00733
ORD-000872,C00057
ORD-000873,C00010
ORD-000874,C00829
ORD-000875,C00521
ORD-000876,C00077
ORD-000877,C00093
ORD-000878,C00127
ORD-000879,C00533
ORD-000880,C00624
ORD-000881,C00841
ORD-000882,C00151
ORD-000883,C01196
ORD-000884,C00841
ORD-000885,C01078
ORD-000886,C00934
ORD-000887,C00463
ORD-000888,C00299
ORD-000889,C00002
ORD-000890,C00153
ORD-000891,C00995
ORD-000892,C00063
ORD-000893,C00302
ORD-000894,C00481
ORD-000895,C00725
ORD-000896,C00430
ORD-000897,C00354
ORD-000898,C00091
ORD-000899,C00605
ORD-000900,C00792
ORD-000901,C00296
ORD-000902,C00445
ORD-000903,C01031
ORD-000904,C00210
ORD-000905,C01101
ORD-000906,C00194
ORD-000907,C01186
ORD-000908,C00339
ORD-000909,C00700
ORD-000910,C00902
ORD-000911,C00123
ORD-000912,C00875
ORD-000913,C00281
ORD-000914,C00688
ORD-000915,C00472
ORD-000916,C00290
ORD-000917,C00874
ORD-000918,C00845
ORD-000919,C00165
ORD-000920,C00104
ORD-000921,C00492
ORD-000922,C00269
ORD-000923,C00381
ORD-000924,C00231
ORD-000925,C01147
ORD-000926,C00027
ORD-000927,C00777
ORD-000928,C00912
ORD-000929,C00355
ORD-000930,C00400
ORD-000931,C00317
ORD-000932,C00678
ORD-000933,C01145
ORD-000934,C01057
ORD-000935,C00774
ORD-000936,C00253
ORD-000937,C00736
ORD-000938,C00518
ORD-000939,C00144
ORD-000940,C00446
ORD-000941,C00304
ORD-000942,C00612
ORD-000943,C00095
ORD-000944,C00796
ORD-000945,C00258
ORD-000946,C01013
ORD-000947,C00049
ORD-000948,C00918
ORD-000949,C01192
ORD-000950,C00544
ORD-000951,C00059
ORD-000952,C00718
ORD-000953,C00462
ORD-000954,C01098
ORD-000955,C00501
ORD-000956,C00244
ORD-000957,C00683
ORD-000958,C00147
ORD-000959,C00094
ORD-000960,C00126
ORD-000961,C00456
ORD-000962,C00966
ORD-000963,C00657
ORD-000964,C00701
ORD-000965,C00344
ORD-000966,C00192
ORD-000967,C01148
ORD-000968,C00216
ORD-000969,C00675
ORD-000970,C00549
ORD-000971,C00308
ORD-000972,C00615
ORD-000973,C00454
ORD-000974,C01097
ORD-000975,C01199
ORD-000976,C00562
ORD-000977,C00933
ORD-000978,C00229
ORD-000979,C00296
ORD-000980,C01147
ORD-000981,C00887
ORD-000982,C00760
ORD-000983,C00602
ORD-000984,C01198
ORD-000985,C00253
ORD-000986,C00026
ORD-000987,C00131
ORD-000988,C00677
ORD-000989,C00533
ORD-000990,C00049
ORD-000991,C01054
ORD-000992,C00076
ORD-000993,C00105
ORD-000994,C00373
ORD-000995,C00231
ORD-000996,C00859
ORD-000997,C00422
ORD-000998,C00776
ORD-000999,C00420
ORD-001000,C01016
ORD-001001,C01130
ORD-001002,C00579
ORD-001003,C00194
ORD-001004,C01095
ORD-001005,C00331
ORD-001006,C00229
ORD-001007,C01027
ORD-001008,C00227
ORD-001009,C00863
ORD-001010,C00044
ORD-001011,C00286
ORD-001012,C00369
ORD-001013,C00085
ORD-001014,C00410
ORD-001015,C00357
ORD-001016,C00424
ORD-001017,C00335
ORD-001018,C00710
ORD-001019,C00575
ORD-001020,C00450
ORD-001021,C01172
ORD-001022,C00567
ORD-001023,C00629
ORD-001024,C01068
ORD-001025,C00999
ORD-001026,C00476
ORD-001027,C00195
ORD-001028,C00629
ORD-001029,C00544
ORD-001030,C00241
ORD-001031,C00201
ORD-001032,C00236
ORD-001033,C00642
ORD-001034,C00862
ORD-001035,C00744
ORD-001036,C00514
ORD-001037,C00041
ORD-001038,C00935
ORD-001039,C01023
ORD-001040,C00014
ORD-001041,C00611
ORD-001042,C00333
ORD-001043,C00950
ORD-001044,C00665
ORD-001045,C00334
ORD-001046,C00928
ORD-001047,C00074
ORD-001048,C00086
ORD-001049,C00147
ORD-001050,C01166
ORD-001051,C00211
ORD-001052,C00212
ORD-001053,C01011
ORD-001054,C00884
ORD-001055,C00129
ORD-001056,C00802
ORD-001057,C00549
ORD-001058,C00690
ORD-001059,C00499
ORD-001060,C00241
ORD-001061,C01118
ORD-001062,C00351
ORD-001063,C00445
ORD-001064,C01000
ORD-001065,C00123
ORD-001066,C00948
ORD-001067,C00944
ORD-001068,C00859
ORD-001069,C00221
ORD-001070,C00379
ORD-001071,C00308
ORD-001072,C00085
ORD-001073,C00794
ORD-001074,C00734
ORD-001075,C00141
ORD-001076,C00714
ORD-001077,C00190
ORD-001078,C00440
ORD-001079,C00962
ORD-001080,C00397
ORD-001081,C00448
ORD-001082,C00487
ORD-001083,C00061
ORD-001084,C00676
ORD-001085,C01137
ORD-001086,C00488
ORD-001087,C01094
ORD-001088,C00922
ORD-001089,C00814
ORD-001090,C00058
ORD-001091,C00690
ORD-001092,C01102
ORD-001093,C00070
ORD-001094,C00605
ORD-001095,C00394
ORD-001096,C00867
ORD-001097,C00235
ORD-001098,C00866
ORD-001099,C00113
ORD-001100,C01073
ORD-001101,C00829
ORD-001102,C00792
ORD-001103,C01176
ORD-001104,C00351
ORD-001105,C00350
ORD-001106,C00297
ORD-001107,C00382
ORD-001108,C00126
ORD-001109,C00699
ORD-001110,C00714
ORD-001111,C00186
ORD-001112,C00888
ORD-001113,C00878
ORD-001114,C00281
ORD-001115,C00694
ORD-001116,C00425
ORD-001117,C01166
ORD-001118,C00599
ORD-001119,C00826
ORD-001120,C00124
ORD-001121,C00591
ORD-001122,C00978
ORD-001123,C00022
ORD-001124,C00240
ORD-001125,C00841
ORD-001126,C00962
ORD-001127,C00616
ORD-001128,C00442
ORD-001129,C00055
ORD-001130,C00362
ORD-001131,C00321
ORD-001132,C00573
ORD-001133,C00498
ORD-001134,C00438
ORD-001135,C00849
ORD-001136,C00159
ORD-001137,C00899
ORD-001138,C00257
ORD-001139,C01056
ORD-001140,C00975
ORD-001141,C00014
ORD-001142,C00111
ORD-001143,C00684
ORD-001144,C00018
ORD-001145,C00985
ORD-001146,C00355
ORD-001147,C01012
ORD-001148,C00946
ORD-001149,C00810
ORD-001150,C00210
ORD-001151,C01162
ORD-001152,C01165
ORD-001153,C01062
ORD-001154,C00818
ORD-001155,C00390
ORD-001156,C00848
ORD-001157,C00882
ORD-001158,C00995
ORD-001159,C00267
ORD-001160,C01100
ORD-001161,C00719
ORD-001162,C00291
ORD-001163,C00261
ORD-001164,C00120
ORD-001165,C00608
ORD-001166,C00140
ORD-001167,C00690
ORD-001168,C00188
ORD-001169,C01182
ORD-001170,C00298
ORD-001171,C00180
ORD-001172,C00400
ORD-001173,C00536
ORD-001174,C00653
ORD-001175,C00997
ORD-001176,C00986
ORD-001177,C01047
ORD-001178,C00441
ORD-001179,C00225
ORD-001180,C00598
ORD-001181,C00031
ORD-001182,C00951
ORD-001183,C00024
ORD-001184,C00659
ORD-001185,C01067
ORD-001186,C01070
ORD-001187,C00448
ORD-001188,C00161
ORD-001189,C00934
ORD-001190,C00420
ORD-001191,C00087
ORD-001192,C00617
ORD-001193,C00175
ORD-001194,C00801
ORD-001195,C00279
ORD-001196,C00591
ORD-001197,C00993
ORD-001198,C01182
ORD-001199,C00034
ORD-001200,C00748
ORD-001201,C00786
ORD-001202,C00060
ORD-001203,C00469
ORD-001204,C00005
ORD-001205,C00846
ORD-001206,C00816
ORD-001207,C01079
ORD-001208,C00638
ORD-001209,C01044
ORD-001210,C00389
ORD-001211,C00504
ORD-001212,C00661
ORD-001213,C00384
ORD-001214,C00962
ORD-001215,C00280
ORD-001216,C00300
ORD-001217,C00678
ORD-001218,C00830
ORD-001219,C00276
ORD-001220,C00845
ORD-001221,C01141
ORD-001222,C00541
ORD-001223,C01039
ORD-001224,C00502
ORD-001225,C00299
ORD-001226,C00840
ORD-001227,C00084
ORD-001228,C00236
ORD-001229,C01025
ORD-001230,C00831
ORD-001231,C00230
ORD-001232,C01127
ORD-001233,C00805
ORD-001234,C00961
ORD-001235,C00191
ORD-001236,C00372
ORD-001237,C00561
ORD-001238,C01021
ORD-001239,C00726
ORD-001240,C00055
ORD-001241,C01043
ORD-001242,C00808
ORD-001243,C00820
ORD-001244,C00227
ORD-001245,C00046
ORD-001246,C00438
ORD-001247,C00430
ORD-001248,C00214
ORD-001249,C00574
ORD-001250,C00448
ORD-001251,C00038
ORD-001252,C01110
ORD-001253,C00544
ORD-001254,C00782
ORD-001255,C00878
ORD-001256,C00496
ORD-001257,C00001
ORD-001258,C00995
ORD-001259,C00324
ORD-001260,C00403
ORD-001261,C00816
ORD-001262,C00004
ORD-001263,C00180
ORD-001264,C00010
ORD-001265,C00251
ORD-001266,C00739
ORD-001267,C00450
ORD-001268,C00870
ORD-001269,C00298
ORD-001270,C00322
ORD-001271,C00202
ORD-001272,C00222
ORD-001273,C00429
ORD-001274,C00770
ORD-001275,C01018
ORD-001276,C00591
ORD-001277,C00764
ORD-001278,C00827
ORD-001279,C00406
ORD-001280,C00204
ORD-001281,C00502
ORD-001282,C01043
ORD-001283,C00224
ORD-001284,C00506
ORD-001285,C00803
ORD-001286,C01173
ORD-001287,C01007
ORD-001288,C01173
ORD-001289,C01192
ORD-001290,C01198
ORD-001291,C00120
ORD-001292,C00209
ORD-001293,C01016
ORD-001294,C00534
ORD-001295,C01056
ORD-001296,C00154
ORD-001297,C00724
ORD-001298,C00503
ORD-001299,C00529
ORD-001300,C00363
ORD-001301,C00108
ORD-001302,C00475
ORD-001303,C00216
ORD-001304,C01125
ORD-001305,C01064
ORD-001306,C01047
ORD-001307,C00552
ORD-001308,C00207
ORD-001309,C00692
ORD-001310,C00345
ORD-001311,C00326
ORD-001312,C01186
ORD-001313,C00590
ORD-001314,C00113
ORD-001315,C01162
ORD-001316,C00179
ORD-001317,C00402
ORD-001318,C00578
ORD-001319,C00242
ORD-001320,C01061
ORD-001321,C00104
ORD-001322,C00108
ORD-001323,C00960
ORD-001324,C00499
ORD-001325,C00488
ORD-001326,C00241
ORD-001327,C00075
ORD-001328,C00057
ORD-001329,C00060
ORD-001330,C00542
ORD-001331,C00324
ORD-001332,C00958
ORD-001333,C00943
ORD-001334,C00754
ORD-001335,C00306
ORD-001336,C00894
ORD-001337,C00272
ORD-001338,C01008
ORD-001339,C00467
ORD-001340,C00288
ORD-001341,C00823
ORD-001342,C01052
ORD-001343,C00630
ORD-001344,C00218
ORD-001345,C00702
ORD-001346,C01086
ORD-001347,C00891
ORD-001348,C00818
ORD-001349,C00717
ORD-001350,C00381
ORD-001351,C00135
ORD-001352,C00654
ORD-001353,C01008
ORD-001354,C00255
ORD-001355,C00383
ORD-001356,C01014
ORD-001357,C00090
ORD-001358,C00937
ORD-001359,C00026
ORD-001360,C00367
ORD-001361,C00272
ORD-001362,C00402
ORD-001363,C01009
ORD-001364,C00919
ORD-001365,C00266
ORD-001366,C00186
ORD-001367,C00505
ORD-001368,C01027
ORD-001369,C00127
ORD-001370,C00106
ORD-001371,C00019
ORD-001372,C00857
ORD-001373,C00418
ORD-001374,C00820
ORD-001375,C00255
ORD-001376,C00022
ORD-001377,C00983
ORD-001378,C00708
ORD-001379,C00846
ORD-001380,C00933
ORD-001381,C00620
ORD-001382,C00994
ORD-001383,C00068
ORD-001384,C00610
ORD-001385,C01087
ORD-001386,C00472
ORD-001387,C00758
ORD-001388,C01079
ORD-001389,C00577
ORD-001390,C01119
ORD-001391,C00253
ORD-001392,C00165
ORD-001393,C00142
ORD-001394,C00813
ORD-001395,C00841
ORD-001396,C00094
ORD-001397,C00290
ORD-001398,C00958
ORD-001399,C00036
ORD-001400,C00099
ORD-001401,C01138
ORD-001402,C00273
ORD-001403,C00485
ORD-001404,C00754
ORD-001405,C01136
ORD-001406,C00963
ORD-001407,C00854
ORD-001408,C01024
ORD-001409,C01040
ORD-001410,C00129
ORD-001411,C00171
ORD-001412,C00807
ORD-001413,C00737
ORD-001414,C00463
ORD-001415,C00643
ORD-001416,C00362
ORD-001417,C00143
ORD-001418,C00362
ORD-001419,C00007
ORD-001420,C00245
ORD-001421,C00469
ORD-001422,C00299
ORD-001423,C00985
ORD-001424,C00631
ORD-001425,C01182
ORD-001426,C00911
ORD-001427,C00991
ORD-001428,C00145
ORD-001429,C00683
ORD-001430,C00432
ORD-001431,C01196
ORD-001432,C00274
ORD-001433,C00893
ORD-001434,C00333
ORD-001435,C00188
ORD-001436,C01178
ORD-001437,C01166
ORD-001438,C00991
ORD-001439,C01121
ORD-001440,C00167
ORD-001441,C01090
ORD-001442,C01147
ORD-001443,C00862
ORD-001444,C00569
ORD-001445,C00996
ORD-001446,C01130
ORD-001447,C01196
ORD-001448,C00111
ORD-001449,C00100
ORD-001450,C00349
ORD-001451,C01188
ORD-001452,C00497
ORD-001453,C00701
ORD-001454,C00926
ORD-001455,C00784
ORD-001456,C00470
ORD-001457,C00259
ORD-001458,C00272
ORD-001459,C00532
ORD-001460,C00692
ORD-001461,C00980
ORD-001462,C01166
ORD-001463,C00353
ORD-001464,C00772
ORD-001465,C00408
ORD-001466,C00436
ORD-001467,C00636
ORD-001468,C00901
ORD-001469,C00305
ORD-001470,C00049
ORD-001471,C00721
ORD-001472,C00069
ORD-001473,C01170
ORD-001474,C00231
ORD-001475,C00582
ORD-001476,C00485
ORD-001477,C01019
ORD-001478,C00949
ORD-001479,C00991
ORD-001480,C01108
ORD-001481,C00625
ORD-001482,C00939
ORD-001483,C00763
ORD-001484,C00663
ORD-001485,C00329
ORD-001486,C00952
ORD-001487,C00547
ORD-001488,C00023
ORD-001489,C00727
ORD-001490,C00925
ORD-001491,C00290
ORD-001492,C00812
ORD-001493,C01021
ORD-001494,C00467
ORD-001495,C00890
ORD-001496,C00403
ORD-001497,C01036
ORD-001498,C00303
ORD-001499,C00147
ORD-001500,C00957
ORD-001501,C00558
ORD-001502,C00119
ORD-001503,C00362
ORD-001504,C00179
ORD-001505,C00198
ORD-001506,C00696
ORD-001507,C01133
ORD-001508,C00551
ORD-001509,C00404
ORD-001510,C00644
ORD-001511,C00489
ORD-001512,C00726
ORD-001513,C01017
ORD-001514,C00962
ORD-001515,C01156
ORD-001516,C00119
ORD-001517,C00266
ORD-001518,C01104
ORD-001519,C00447
ORD-001520,C00648
ORD-001521,C00156
ORD-001522,C01102
ORD-001523,C01145
ORD-001524,C00697
ORD-001525,C00877
ORD-001526,C00538
ORD-001527,C00001
ORD-001528,C00686
ORD-001529,C00479
ORD-001530,C00139
ORD-001531,C00092
ORD-001532,C00293
ORD-001533,C00805
ORD-001534,C00716
ORD-001535,C00045
ORD-001536,C00033
ORD-001537,C00209
ORD-001538,C00409
ORD-001539,C00107
ORD-001540,C00538
ORD-001541,C00508
ORD-001542,C00659
ORD-001543,C00865
ORD-001544,C00919
ORD-001545,C00429
ORD-001546,C00610
ORD-001547,C00197
ORD-001548,C00346
ORD-001549,C00170
ORD-001550,C00394
ORD-001551,C00178
ORD-001552,C01104
ORD-001553,C00261
ORD-001554,C00033
ORD-001555,C00126
ORD-001556,C01150
ORD-001557,C01122
ORD-001558,C00570
ORD-001559,C00154
ORD-001560,C00160
ORD-001561,C01196
ORD-001562,C00473
ORD-001563,C00704
ORD-001564,C00001
ORD-001565,C00678
ORD-001566,C00156
ORD-001567,C00343
ORD-001568,C01049
ORD-001569,C00418
ORD-001570,C00646
ORD-001571,C01069
ORD-001572,C00257
ORD-001573,C00084
ORD-001574,C00267
ORD-001575,C00794
ORD-001576,C00703
ORD-001577,C00319
ORD-001578,C00872
ORD-001579,C01140
ORD-001580,C00507
ORD-001581,C01124
ORD-001582,C00862
ORD-001583,C00140
ORD-001584,C00954
ORD-001585,C00331
ORD-001586,C00413
ORD-001587,C00911
ORD-001588,C00562
ORD-001589,C00533
ORD-001590,C00563
ORD-001591,C00960
ORD-001592,C00851
ORD-001593,C00576
ORD-001594,C01012
ORD-001595,C00603
ORD-001596,C00797
ORD-001597,C00456
ORD-001598,C01130
ORD-001599,C00788
ORD-001600,C00019
ORD-001601,C00332
ORD-001602,C00846
ORD-001603,C00520
ORD-001604,C01169
ORD-001605,C00448
ORD-001606,C01036
ORD-001607,C00821
ORD-001608,C00031
ORD-001609,C00771
ORD-001610,C00854
ORD-001611,C00195
ORD-001612,C00353
ORD-001613,C00371
ORD-001614,C00230
ORD-001615,C00743
ORD-001616,C00686
ORD-001617,C00739
ORD-001618,C00626
ORD-001619,C01066
ORD-001620,C00782
ORD-001621,C00486
ORD-001622,C00521
ORD-001623,C00167
ORD-001624,C00901
ORD-001625,C00772
ORD-001626,C00468
ORD-001627,C01054
ORD-001628,C00450
ORD-001629,C00376
ORD-001630,C00351
ORD-001631,C00888
ORD-001632,C01088
ORD-001633,C00746
ORD-001634,C00815
ORD-001635,C00907
ORD-001636,C00283
ORD-001637,C00141
ORD-001638,C00483
ORD-001639,C00809
ORD-001640,C01017
ORD-001641,C00742
ORD-001642,C00856
ORD-001643,C01024
ORD-001644,C00929
ORD-001645,C00220
ORD-001646,C00281
ORD-001647,C01089
ORD-001648,C00492
ORD-001649,C00976
ORD-001650,C01191
ORD-001651,C00321
ORD-001652,C00533
ORD-001653,C01103
ORD-001654,C00497
ORD-001655,C01054
ORD-001656,C00364
ORD-001657,C01166
ORD-001658,C01193
ORD-001659,C00127
ORD-001660,C00890
ORD-001661,C00444
ORD-001662,C00163
ORD-001663,C00843
ORD-001664,C00483
ORD-001665,C00027
ORD-001666,C00306
ORD-001667,C00568
ORD-001668,C00976
ORD-001669,C00348
ORD-001670,C00536
ORD-001671,C00580
ORD-001672,C00361
ORD-001673,C01036
ORD-001674,C01108
ORD-001675,C00180
ORD-001676,C00208
ORD-001677,C00213
ORD-001678,C01185
ORD-001679,C00479
ORD-001680,C00820
ORD-001681,C00002
ORD-001682,C00322
ORD-001683,C00025
ORD-001684,C00988
ORD-001685,C01001
ORD-001686,C00824
ORD-001687,C01010
ORD-001688,C00969
ORD-001689,C01005
ORD-001690,C00100
ORD-001691,C00334
ORD-001692,C00201
ORD-001693,C00970
ORD-001694,C00001
ORD-001695,C01158
ORD-001696,C00930
ORD-001697,C00431
ORD-001698,C00413
ORD-001699,C00515
ORD-001700,C00922
ORD-001701,C00360
ORD-001702,C00005
ORD-001703,C00656
ORD-001704,C00876
ORD-001705,C00825
ORD-001706,C00717
ORD-001707,C01038
ORD-001708,C00759
ORD-001709,C00580
ORD-001710,C00923
ORD-001711,C00049
ORD-001712,C00621
ORD-001713,C00694
ORD-001714,C01095
ORD-001715,C01086
ORD-001716,C00966
ORD-001717,C00423
ORD-001718,C00046
ORD-001719,C00084
ORD-001720,C00268
ORD-001721,C00158
ORD-001722,C00604
ORD-001723,C00463
ORD-001724,C00225
ORD-001725,C00712
ORD-001726,C00928
ORD-001727,C00750
ORD-001728,C00262
ORD-001729,C00102
ORD-001730,C00654
ORD-001731,C00584
ORD-001732,C01126
ORD-001733,C00826
ORD-001734,C00606
ORD-001735,C00129
ORD-001736,C00339
ORD-001737,C00194
ORD-001738,C00406
ORD-001739,C00051
ORD-001740,C00567
ORD-001741,C00108
ORD-001742,C00250
ORD-001743,C00560
ORD-001744,C01102
ORD-001745,C01078
ORD-001746,C00635
ORD-001747,C01156
ORD-001748,C00575
ORD-001749,C00394
ORD-001750,C01168
ORD-001751,C00743
ORD-001752,C01092
ORD-001753,C00253
ORD-001754,C00225
ORD-001755,C01046
ORD-001756,C00430
ORD-001757,C00523
ORD-001758,C01046
ORD-001759,C00915
ORD-001760,C00414
ORD-001761,C00098
ORD-001762,C00984
ORD-001763,C00058
ORD-001764,C00248
ORD-001765,C01097
ORD-001766,C00504
ORD-001767,C00286
ORD-001768,C00686
ORD-001769,C01045
ORD-001770,C00322
ORD-001771,C00757
ORD-001772,C01129
ORD-001773,C01167
ORD-001774,C00008
ORD-001775,C00911
ORD-001776,C00948
ORD-001777,C00552
ORD-001778,C00874
ORD-001779,C00161
ORD-001780,C00819
ORD-001781,C00523
ORD-001782,C00064
ORD-001783,C00218
ORD-001784,C01008
ORD-001785,C00497
ORD-001786,C00135
ORD-001787,C00192
ORD-001788,C00209
ORD-001789,C00247
ORD-001790,C01064
ORD-001791,C00080
ORD-001792,C00560
ORD-001793,C01097
ORD-001794,C00327
ORD-001795,C00648
ORD-001796,C00812
ORD-001797,C00124
ORD-001798,C00226
ORD-001799,C01013
ORD-001800,C00558
ORD-001801,C01156
ORD-001802,C00324
ORD-001803,C00112
ORD-001804,C00407
ORD-001805,C01082
ORD-001806,C01025
ORD-001807,C01037
ORD-001808,C00259
ORD-001809,C00168
ORD-001810,C01025
ORD-001811,C00471
ORD-001812,C00816
ORD-001813,C00065
ORD-001814,C01134
ORD-001815,C01049
ORD-001816,C00445
ORD-001817,C00840
ORD-001818,C00348
ORD-001819,C00919
ORD-001820,C01013
ORD-001821,C00741
ORD-001822,C00784
ORD-001823,C01199
ORD-001824,C00733
ORD-001825,C00626
ORD-001826,C00815
ORD-001827,C00496
ORD-001828,C00339
ORD-001829,C00864
ORD-001830,C00956
ORD-001831,C00452
ORD-001832,C00928
ORD-001833,C00079
ORD-001834,C00964
ORD-001835,C00678
ORD-001836,C00257
ORD-001837,C00280
ORD-001838,C00471
ORD-001839,C01037
ORD-001840,C01065
ORD-001841,C00921
ORD-001842,C00487
ORD-001843,C00413
ORD-001844,C01019
ORD-001845,C00889
ORD-001846,C00032
ORD-001847,C00324
ORD-001848,C00128
ORD-001849,C00751
ORD-001850,C00272
ORD-001851,C00148
ORD-001852,C00367
ORD-001853,C00937
ORD-001854,C00247
ORD-001855,C00868
ORD-001856,C01174
ORD-001857,C00441
ORD-001858,C00001
ORD-001859,C00659
ORD-001860,C00344
ORD-001861,C00309
ORD-001862,C00608
ORD-001863,C00963
ORD-001864,C00524
ORD-001865,C01151
ORD-001866,C00741
ORD-001867,C00073
ORD-001868,C00875
ORD-001869,C00447
ORD-001870,C00239
ORD-001871,C01116
ORD-001872,C01124
ORD-001873,C00894
ORD-001874,C00289
ORD-001875,C00710
ORD-001876,C00290
ORD-001877,C00794
ORD-001878,C01135
ORD-001879,C00673
ORD-001880,C01186
ORD-001881,C00212
ORD-001882,C00408
ORD-001883,C00743
ORD-001884,C01059
ORD-001885,C00189
ORD-001886,C00648
ORD-001887,C00113
ORD-001888,C00103
ORD-001889,C00297
ORD-001890,C01089
ORD-001891,C00729
ORD-001892,C00471
ORD-001893,C00418
ORD-001894,C00617
ORD-001895,C00164
ORD-001896,C00264
ORD-001897,C00619
ORD-001898,C00381
ORD-001899,C00183
ORD-001900,C00124
ORD-001901,C00650
ORD-001902,C00393
ORD-001903,C00063
ORD-001904,C00363
ORD-001905,C00116
ORD-001906,C00221
ORD-001907,C00881
ORD-001908,C01173
ORD-001909,C00197
ORD-001910,C00923
ORD-001911,C00494
ORD-001912,C00982
ORD-001913,C00858
ORD-001914,C01003
ORD-001915,C00936
ORD-001916,C00224
ORD-001917,C00161
ORD-001918,C00309
ORD-001919,C00458
ORD-001920,C00755
ORD-001921,C00368
ORD-001922,C00032
ORD-001923,C01030
ORD-001924,C00112
ORD-001925,C00051
ORD-001926,C00899
ORD-001927,C00185
ORD-001928,C00429
ORD-001929,C00381
ORD-001930,C00450
ORD-001931,C00028
ORD-001932,C00109
ORD-001933,C00099
ORD-001934,C00957
ORD-001935,C00597
ORD-001936,C00027
ORD-001937,C00797
ORD-001938,C00571
ORD-001939,C00381
ORD-001940,C00691
ORD-001941,C00319
ORD-001942,C00596
ORD-001943,C00947
ORD-001944,C00609
ORD-001945,C01035
ORD-001946,C00067
ORD-001947,C00515
ORD-001948,C00617
ORD-001949,C00128
ORD-001950,C00897
ORD-001951,C00338
ORD-001952,C00515
ORD-001953,C00473
ORD-001954,C00172
ORD-001955,C00176
ORD-001956,C00863
ORD-001957,C00837
ORD-001958,C00930
ORD-001959,C01133
ORD-001960,C00918
ORD-001961,C00595
ORD-001962,C00313
ORD-001963,C00747
ORD-001964,C00274
ORD-001965,C00659
ORD-001966,C01113
ORD-001967,C00300
ORD-001968,C00454
ORD-001969,C00786
ORD-001970,C01031
ORD-001971,C00309
ORD-001972,C00958
ORD-001973,C00999
ORD-001974,C00620
ORD-001975,C00309
ORD-001976,C01106
ORD-001977,C00570
ORD-001978,C00268
ORD-001979,C00452
ORD-001980,C00505
ORD-001981,C00018
ORD-001982,C01173
ORD-001983,C00518
ORD-001984,C00637
ORD-001985,C01143
ORD-001986,C00575
ORD-001987,C01110
ORD-001988,C00584
ORD-001989,C00498
ORD-001990,C01013
ORD-001991,C00073
ORD-001992,C00623
ORD-001993,C00251
ORD-001994,C01056
ORD-001995,C00471
ORD-001996,C01063
ORD-001997,C00647
ORD-001998,C00138
ORD-001999,C00971
ORD-002000,C00583
ORD-002001,C00882
ORD-002002,C01077
ORD-002003,C00188
ORD-002004,C00109
ORD-002005,C01019
ORD-002006,C00383
ORD-002007,C01059
ORD-002008,C00468
ORD-002009,C00330
ORD-002010,C00639
ORD-002011,C01101
ORD-002012,C00898
ORD-002013,C00959
ORD-002014,C01052
ORD-002015,C00139
ORD-002016,C01027
ORD-002017,C00673
ORD-002018,C00248
ORD-002019,C00966
ORD-002020,C01166
ORD-002021,C00191
ORD-002022,C01118
ORD-002023,C00497
ORD-002024,C00124
ORD-002025,C01004
ORD-002026,C00609
ORD-002027,C00105
ORD-002028,C00552
ORD-002029,C01143
ORD-002030,C00020
ORD-002031,C01171
ORD-002032,C01041
ORD-002033,C00437
ORD-002034,C00933
ORD-002035,C00438
ORD-002036,C00623
ORD-002037,C01118
ORD-002038,C00302
ORD-002039,C00978
ORD-002040,C00378
ORD-002041,C00437
ORD-002042,C00589
ORD-002043,C00275
ORD-002044,C00111
ORD-002045,C00202
ORD-002046,C01020
ORD-002047,C00513
ORD-002048,C00894
ORD-002049,C00046
ORD-002050,C00731
ORD-002051,C00583
ORD-002052,C00212
ORD-002053,C00238
ORD-002054,C00065
ORD-002055,C00471
ORD-002056,C00381
ORD-002057,C00278
ORD-002058,C00940
ORD-002059,C00171
ORD-002060,C00028
ORD-002061,C00915
ORD-002062,C00276
ORD-002063,C00733
ORD-002064,C00866
ORD-002065,C00825
ORD-002066,C00002
ORD-002067,C00685
ORD-002068,C00369
ORD-002069,C00972
ORD-002070,C00418
ORD-002071,C01048
ORD-002072,C00775
ORD-002073,C00735
ORD-002074,C00288
ORD-002075,C00440
ORD-002076,C00699
ORD-002077,C00581
ORD-002078,C01148
ORD-002079,C01133
ORD-002080,C00081
ORD-002081,C01198
ORD-002082,C00093
ORD-002083,C00801
ORD-002084,C00611
ORD-002085,C00203
ORD-002086,C01123
ORD-002087,C00958
ORD-002088,C00774
ORD-002089,C00243
ORD-002090,C00177
ORD-002091,C00226
ORD-002092,C00264
ORD-002093,C01092
ORD-002094,C00471
ORD-002095,C00100
ORD-002096,C00201
ORD-002097,C00544
ORD-002098,C00237
ORD-002099,C00946
ORD-002100,C00181
ORD-002101,C00743
ORD-002102,C00404
ORD-002103,C01096
ORD-002104,C00513
ORD-002105,C00546
ORD-002106,C00960
ORD-002107,C00002
ORD-002108,C00848
ORD-002109,C00008
ORD-002110,C00115
ORD-002111,C01133
ORD-002112,C00904
ORD-002113,C00988
ORD-002114,C00851
ORD-002115,C00401
ORD-002116,C00589
ORD-002117,C00027
ORD-002118,C00708
ORD-002119,C00517
ORD-002120,C00057
ORD-002121,C00114
ORD-002122,C00331
ORD-002123,C00289
ORD-002124,C01036
ORD-002125,C00782
ORD-002126,C00371
ORD-002127,C01007
ORD-002128,C00589
ORD-002129,C00554
ORD-002130,C00436
ORD-002131,C00466
ORD-002132,C00047
ORD-002133,C01040
ORD-002134,C00347
ORD-002135,C00067
ORD-002136,C00265
ORD-002137,C00226
ORD-002138,C00629
ORD-002139,C01196
ORD-002140,C01180
ORD-002141,C00834
ORD-002142,C00766
ORD-002143,C00386
ORD-002144,C00780
ORD-002145,C00771
ORD-002146,C00715
ORD-002147,C00994
ORD-002148,C00990
ORD-002149,C00891
ORD-002150,C00274
ORD-002151,C00307
ORD-002152,C00249
ORD-002153,C00470
ORD-002154,C01096
ORD-002155,C00215
ORD-002156,C00503
ORD-002157,C00060
ORD-002158,C01126
ORD-002159,C01169
ORD-002160,C01017
ORD-002161,C00838
ORD-002162,C00583
ORD-002163,C00723
ORD-002164,C00056
ORD-002165,C00385
ORD-002166,C00600
ORD-002167,C00737
ORD-002168,C00187
ORD-002169,C00665
ORD-002170,C00071
ORD-002171,C01140
ORD-002172,C00822
ORD-002173,C00644
ORD-002174,C00149
ORD-002175,C00753
ORD-002176,C00078
ORD-002177,C00646
ORD-002178,C00271
ORD-002179,C00455
ORD-002180,C00745
ORD-002181,C00025
ORD-002182,C00079
ORD-002183,C00734
ORD-002184,C01164
ORD-002185,C00855
ORD-002186,C00952
ORD-002187,C00613
ORD-002188,C00213
ORD-002189,C00827
ORD-002190,C01143
ORD-002191,C00154
ORD-002192,C01189
ORD-002193,C00334
ORD-002194,C00873
ORD-002195,C01080
ORD-002196,C01133
ORD-002197,C01176
ORD-002198,C00202
ORD-002199,C00105
ORD-002200,C00377
ORD-002201,C00275
ORD-002202,C01033
ORD-002203,C00883
ORD-002204,C00159
ORD-002205,C00255
ORD-002206,C00417
ORD-002207,C01048
ORD-002208,C00109
ORD-002209,C00235
ORD-002210,C00424
ORD-002211,C01090
ORD-002212,C00553
ORD-002213,C00991
ORD-002214,C01005
ORD-002215,C00300
ORD-002216,C00510
ORD-002217,C00668
ORD-002218,C00516
ORD-002219,C00558
ORD-002220,C00826
ORD-002221,C00838
ORD-002222,C00497
ORD-002223,C00434
ORD-002224,C00460
ORD-002225,C00494
ORD-002226,C00526
ORD-002227,C00706
ORD-002228,C00394
ORD-002229,C00563
ORD-002230,C00334
ORD-002231,C00945
ORD-002232,C01085
ORD-002233,C00330
ORD-002234,C00389
ORD-002235,C00448
ORD-002236,C00976
ORD-002237,C01090
ORD-002238,C00378
ORD-002239,C00261
ORD-002240,C00788
ORD-002241,C00460
ORD-002242,C00879
ORD-002243,C00270
ORD-002244,C01024
ORD-002245,C00232
ORD-002246,C00814
ORD-002247,C00755
ORD-002248,C00394
ORD-002249,C00802
ORD-002250,C00170
ORD-002251,C01159
ORD-002252,C00790
ORD-002253,C00470
ORD-002254,C00107
ORD-002255,C00591
ORD-002256,C00401
ORD-002257,C00662
ORD-002258,C00941
ORD-002259,C00315
ORD-002260,C00656
ORD-002261,C00839
ORD-002262,C00658
ORD-002263,C01154
ORD-002264,C00007
ORD-002265,C00198
ORD-002266,C00434
ORD-002267,C01145
ORD-002268,C00551
ORD-002269,C00329
ORD-002270,C01113
ORD-002271,C00740
ORD-002272,C01109
ORD-002273,C00567
ORD-002274,C00896
ORD-002275,C00503
ORD-002276,C00033
ORD-002277,C00083
ORD-002278,C00386
ORD-002279,C00416
ORD-002280,C00301
ORD-002281,C00146
ORD-002282,C00257
ORD-002283,C00977
ORD-002284,C00081
ORD-002285,C00299
ORD-002286,C00363
ORD-002287,C01028
ORD-002288,C01057
ORD-002289,C00243
ORD-002290,C01115
ORD-002291,C00429
ORD-002292,C00956
ORD-002293,C00001
ORD-002294,C01156
ORD-002295,C00954
ORD-002296,C00245
ORD-002297,C01054
ORD-002298,C01099
ORD-002299,C00594
ORD-002300,C00141
ORD-002301,C00705
ORD-002302,C00381
ORD-002303,C00195
ORD-002304,C00183
ORD-002305,C00446
ORD-002306,C01058
ORD-002307,C00042
ORD-002308,C00701
ORD-002309,C01128
ORD-002310,C00982
ORD-002311,C01025
ORD-002312,C00960
ORD-002313,C01031
ORD-002314,C00749
ORD-002315,C00259
ORD-002316,C00542
ORD-002317,C00619
ORD-002318,C00015
ORD-002319,C00373
ORD-002320,C00668
ORD-002321,C00242
ORD-002322,C01160
ORD-002323,C00296
ORD-002324,C00895
ORD-002325,C01024
ORD-002326,C01048
ORD-002327,C00347
ORD-002328,C00538
ORD-002329,C00892
ORD-002330,C00124
ORD-002331,C00777
ORD-002332,C01121
ORD-002333,C00114
ORD-002334,C00328
ORD-002335,C00230
ORD-002336,C00598
ORD-002337,C01059
ORD-002338,C01042
ORD-002339,C00347
ORD-002340,C00239
ORD-002341,C00241
ORD-002342,C01017
ORD-002343,C00534
ORD-002344,C00775
ORD-002345,C01153
ORD-002346,C00208
ORD-002347,C00646
ORD-002348,C01032
ORD-002349,C00147
ORD-002350,C00128
ORD-002351,C00226
ORD-002352,C01111
ORD-002353,C00012
ORD-002354,C00908
ORD-002355,C00554
ORD-002356,C00530
ORD-002357,C00438
ORD-002358,C00624
ORD-002359,C00644
ORD-002360,C00734
ORD-002361,C00216
ORD-002362,C00629
ORD-002363,C00183
ORD-002364,C00130
ORD-002365,C01123
ORD-002366,C00385
ORD-002367,C00692
ORD-002368,C00823
ORD-002369,C00837
ORD-002370,C00193
ORD-002371,C00545
ORD-002372,C00700
ORD-002373,C00462
ORD-002374,C00485
ORD-002375,C00010
ORD-002376,C01127
ORD-002377,C00380
ORD-002378,C00494
ORD-002379,C01166
ORD-002380,C01046
ORD-002381,C00195
ORD-002382,C00525
ORD-002383,C00724
ORD-002384,C00310
ORD-002385,C00264
ORD-002386,C00742
ORD-002387,C01115
ORD-002388,C00360
ORD-002389,C00106
ORD-002390,C01130
ORD-002391,C00516
ORD-002392,C00207
ORD-002393,C00021
ORD-002394,C00902
ORD-002395,C00183
ORD-002396,C00959
ORD-002397,C01058
ORD-002398,C00650
ORD-002399,C00142
ORD-002400,C00558
ORD-002401,C00968
ORD-002402,C00976
ORD-002403,C00209
ORD-002404,C00664
ORD-002405,C00181
ORD-002406,C00070
ORD-002407,C01100
ORD-002408,C00781
ORD-002409,C00554
ORD-002410,C00254
ORD-002411,C00377
ORD-002412,C00140
ORD-002413,C01119
ORD-002414,C00411
ORD-002415,C00954
ORD-002416,C01158
ORD-002417,C00697
ORD-002418,C00826
ORD-002419,C00329
ORD-002420,C00112
ORD-002421,C01111
ORD-002422,C00841
ORD-002423,C00517
ORD-002424,C01166
ORD-002425,C00136
ORD-002426,C00813
ORD-002427,C01107
ORD-002428,C00892
ORD-002429,C00775
ORD-002430,C01189
ORD-002431,C01083
ORD-002432,C00929
ORD-002433,C00578
ORD-002434,C01104
ORD-002435,C00855
ORD-002436,C00922
ORD-002437,C00079
ORD-002438,C00282
ORD-002439,C00335
ORD-002440,C00905
ORD-002441,C00512
ORD-002442,C00031
ORD-002443,C00151
ORD-002444,C00467
ORD-002445,C01099
ORD-002446,C00789
ORD-002447,C00661
ORD-002448,C00424
ORD-002449,C00306
ORD-002450,C00267
ORD-002451,C00700
ORD-002452,C01087
ORD-002453,C00016
ORD-002454,C00179
ORD-002455,C00944
ORD-002456,C00129
ORD-002457,C00509
ORD-002458,C00591
ORD-002459,C00212
ORD-002460,C01136
ORD-002461,C00985
ORD-002462,C00072
ORD-002463,C00703
ORD-002464,C00808
ORD-002465,C00120
ORD-002466,C00691
ORD-002467,C00502
ORD-002468,C00321
ORD-002469,C00976
ORD-002470,C00003
ORD-002471,C00315
ORD-002472,C00124
ORD-002473,C00767
ORD-002474,C01123
ORD-002475,C00088
ORD-002476,C00686
ORD-002477,C00104
ORD-002478,C00634
ORD-002479,C00625
ORD-002480,C00094
ORD-002481,C00626
ORD-002482,C00875
ORD-002483,C00021
ORD-002484,C00318
ORD-002485,C01167
ORD-002486,C00689
ORD-002487,C00545
ORD-002488,C00856
ORD-002489,C00251
ORD-002490,C00756
ORD-002491,C01152
ORD-002492,C01020
ORD-002493,C01119
ORD-002494,C01087
ORD-002495,C01040
ORD-002496,C00815
ORD-002497,C00069
ORD-002498,C01062
ORD-002499,C00262
ORD-002500,C01185
ORD-002501,C00353
ORD-002502,C00995
ORD-002503,C01001
ORD-002504,C00646
ORD-002505,C01088
ORD-002506,C01171
ORD-002507,C00080
ORD-002508,C00098
ORD-002509,C00940
ORD-002510,C01081
ORD-002511,C00071
ORD-002512,C00720
ORD-002513,C00219
ORD-002514,C00608
ORD-002515,C00170
ORD-002516,C00662
ORD-002517,C00859
ORD-002518,C00695
ORD-002519,C00312
ORD-002520,C00429
ORD-002521,C00297
ORD-002522,C00952
ORD-002523,C00591
ORD-002524,C00665
ORD-002525,C00654
ORD-002526,C00012
ORD-002527,C00091
ORD-002528,C00228
ORD-002529,C00275
ORD-002530,C00269
ORD-002531,C00490
ORD-002532,C00214
ORD-002533,C00955
ORD-002534,C00370
ORD-002535,C00090
ORD-002536,C00856
ORD-002537,C01110
ORD-002538,C00006
ORD-002539,C00700
ORD-002540,C00415
ORD-002541,C00568
ORD-002542,C01047
ORD-002543,C00883
ORD-002544,C01165
ORD-002545,C00226
ORD-002546,C00512
ORD-002547,C00036
ORD-002548,C00758
ORD-002549,C01023
ORD-002550,C00379
ORD-002551,C00639
ORD-002552,C00553
ORD-002553,C01181
ORD-002554,C00945
ORD-002555,C00749
ORD-002556,C00783
ORD-002557,C00854
ORD-002558,C00809
ORD-002559,C01076
ORD-002560,C00060
ORD-002561,C00840
ORD-002562,C01029
ORD-002563,C00466
ORD-002564,C00282
ORD-002565,C00319
ORD-002566,C00616
ORD-002567,C00555
ORD-002568,C01154
ORD-002569,C00571
ORD-002570,C00423
ORD-002571,C00551
ORD-002572,C01051
ORD-002573,C00527
ORD-002574,C00741
ORD-002575,C01146
ORD-002576,C00139
ORD-002577,C00793
ORD-002578,C00019
ORD-002579,C00372
ORD-002580,C00156
ORD-002581,C01040
ORD-002582,C00533
ORD-002583,C00989
ORD-002584,C00924
ORD-002585,C00313
ORD-002586,C00390
ORD-002587,C00854
ORD-002588,C00124
ORD-002589,C00694
ORD-002590,C00109
ORD-002591,C00448
ORD-002592,C00564
ORD-002593,C00525
ORD-002594,C00614
ORD-002595,C00724
ORD-002596,C01146
ORD-002597,C01082
ORD-002598,C01144
ORD-002599,C00787
ORD-002600,C01017
ORD-002601,C01140
ORD-002602,C00184
ORD-002603,C00734
ORD-002604,C01166
ORD-002605,C00933
ORD-002606,C00334
ORD-002607,C00912
ORD-002608,C00013
ORD-002609,C01058
ORD-002610,C00393
ORD-002611,C00371
ORD-002612,C00788
ORD-002613,C00409
ORD-002614,C00899
ORD-002615,C00571
ORD-002616,C01012
ORD-002617,C00574
ORD-002618,C00541
ORD-002619,C00842
ORD-002620,C00055
ORD-002621,C00231
ORD-002622,C00559
ORD-002623,C00232
ORD-002624,C01103
ORD-002625,C00200
ORD-002626,C01085
ORD-002627,C00789
ORD-002628,C00139
ORD-002629,C00223
ORD-002630,C00401
ORD-002631,C00746
ORD-002632,C00914
ORD-002633,C01043
ORD-002634,C00505
ORD-002635,C00696
ORD-002636,C01086
ORD-002637,C00557
ORD-002638,C00824
ORD-002639,C00130
ORD-002640,C00485
ORD-002641,C00792
ORD-002642,C00553
ORD-002643,C00541
ORD-002644,C01155
ORD-002645,C00586
ORD-002646,C00350
ORD-002647,C00606
ORD-002648,C00267
ORD-002649,C00798
ORD-002650,C00826
ORD-002651,C01140
ORD-002652,C00311
ORD-002653,C00353
ORD-002654,C00432
ORD-002655,C00593
ORD-002656,C00640
ORD-002657,C00248
ORD-002658,C00384
ORD-002659,C01025
ORD-002660,C00303
ORD-002661,C00018
ORD-002662,C00627
ORD-002663,C00294
ORD-002664,C00529
ORD-002665,C01146
ORD-002666,C00663
ORD-002667,C00263
ORD-002668,C00716
ORD-002669,C01183
ORD-002670,C00707
ORD-002671,C00468
ORD-002672,C00636
ORD-002673,C00470
ORD-002674,C00559
ORD-002675,C00751
ORD-002676,C01034
ORD-002677,C01097
ORD-002678,C01186
ORD-002679,C00879
ORD-002680,C01074
ORD-002681,C00504
ORD-002682,C00103
ORD-002683,C00702
ORD-002684,C01056
ORD-002685,C00190
ORD-002686,C00714
ORD-002687,C00505
ORD-002688,C00442
ORD-002689,C01017
ORD-002690,C00505
ORD-002691,C00853
ORD-002692,C00375
ORD-002693,C00471
ORD-002694,C00330
ORD-002695,C01170
ORD-002696,C00922
ORD-002697,C00225
ORD-002698,C00369
ORD-002699,C01148
ORD-002700,C00138
ORD-002701,C00607
ORD-002702,C00202
ORD-002703,C00624
ORD-002704,C00560
ORD-002705,C00957
ORD-002706,C00557
ORD-002707,C00559
ORD-002708,C01089
ORD-002709,C00969
ORD-002710,C00740
ORD-002711,C00970
ORD-002712,C00091
ORD-002713,C00808
ORD-002714,C01144
ORD-002715,C00278
ORD-002716,C00439
ORD-002717,C01125
ORD-002718,C00525
ORD-002719,C00308
ORD-002720,C00805
ORD-002721,C00497
ORD-002722,C00901
ORD-002723,C01002
ORD-002724,C00932
ORD-002725,C00988
ORD-002726,C00265
ORD-002727,C00313
ORD-002728,C00918
ORD-002729,C00563
ORD-002730,C00253
ORD-002731,C00029
ORD-002732,C00852
ORD-002733,C00944
ORD-002734,C00655
ORD-002735,C00253
ORD-002736,C01024
ORD-002737,C00282
ORD-002738,C00642
ORD-002739,C01032
ORD-002740,C00485
ORD-002741,C00199
ORD-002742,C00534
ORD-002743,C00619
ORD-002744,C00424
ORD-002745,C00492
ORD-002746,C00077
ORD-002747,C00522
ORD-002748,C01032
ORD-002749,C00234
ORD-002750,C01049
ORD-002751,C00755
ORD-002752,C00930
ORD-002753,C00792
ORD-002754,C00854
ORD-002755,C00377
ORD-002756,C00590
ORD-002757,C00984
ORD-002758,C00252
ORD-002759,C00826
ORD-002760,C00513
ORD-002761,C00182
ORD-002762,C00187
ORD-002763,C00978
ORD-002764,C00936
ORD-002765,C00066
ORD-002766,C00336
ORD-002767,C00700
ORD-002768,C01162
ORD-002769,C00196
ORD-002770,C00801
ORD-002771,C00356
ORD-002772,C00666
ORD-002773,C01015
ORD-002774,C01187
ORD-002775,C00162
ORD-002776,C01176
ORD-002777,C00278
ORD-002778,C00302
ORD-002779,C00392
ORD-002780,C00375
ORD-002781,C00626
ORD-002782,C00632
ORD-002783,C00347
ORD-002784,C00198
ORD-002785,C00851
ORD-002786,C00999
ORD-002787,C00456
ORD-002788,C01158
ORD-002789,C00591
ORD-002790,C00387
ORD-002791,C00138
ORD-002792,C00280
ORD-002793,C00740
ORD-002794,C00535
ORD-002795,C00934
ORD-002796,C00622
ORD-002797,C00108
ORD-002798,C00590
ORD-002799,C00777
ORD-002800,C00902
ORD-002801,C00824
ORD-002802,C00991
ORD-002803,C00523
ORD-002804,C01124
ORD-002805,C00217
ORD-002806,C00655
ORD-002807,C00373
ORD-002808,C01107
ORD-002809,C00553
ORD-002810,C01126
ORD-002811,C00983
ORD-002812,C01166
ORD-002813,C00135
ORD-002814,C01119
ORD-002815,C00242
ORD-002816,C00219
ORD-002817,C00790
ORD-002818,C00517
ORD-002819,C00015
ORD-002820,C00990
ORD-002821,C00677
ORD-002822,C00196
ORD-002823,C00325
ORD-002824,C01068
ORD-002825,C01096
ORD-002826,C00137
ORD-002827,C00142
ORD-002828,C00544
ORD-002829,C00299
ORD-002830,C00861
ORD-002831,C01103
ORD-002832,C00368
ORD-002833,C00655
ORD-002834,C00444
ORD-002835,C00947
ORD-002836,C00713
ORD-002837,C00160
ORD-002838,C00419
ORD-002839,C01011
ORD-002840,C00263
ORD-002841,C00561
ORD-002842,C01019
ORD-002843,C00717
ORD-002844,C00916
ORD-002845,C00166
ORD-002846,C01191
ORD-002847,C01130
ORD-002848,C00987
ORD-002849,C00292
ORD-002850,C01055
ORD-002851,C01042
ORD-002852,C00533
ORD-002853,C00425
ORD-002854,C00198
ORD-002855,C00177
ORD-002856,C00703
ORD-002857,C00260
ORD-002858,C00606
ORD-002859,C00674
ORD-002860,C00724
ORD-002861,C01175
ORD-002862,C01141
ORD-002863,C01041
ORD-002864,C00699
ORD-002865,C00891
ORD-002866,C00117
ORD-002867,C01163
ORD-002868,C00425
ORD-002869,C00407
ORD-002870,C01192
ORD-002871,C00744
ORD-002872,C00840
ORD-002873,C00555
ORD-002874,C00805
ORD-002875,C00410
ORD-002876,C00883
ORD-002877,C01098
ORD-002878,C00285
ORD-002879,C00015
ORD-002880,C00731
ORD-002881,C00132
ORD-002882,C01054
ORD-002883,C00461
ORD-002884,C01143
ORD-002885,C00159
ORD-002886,C00522
ORD-002887,C00564
ORD-002888,C00427
ORD-002889,C00548
ORD-002890,C00203
ORD-002891,C00256
ORD-002892,C00744
ORD-002893,C00886
ORD-002894,C00185
ORD-002895,C00706
ORD-002896,C00416
ORD-002897,C01166
ORD-002898,C00523
ORD-002899,C00994
ORD-002900,C01037
ORD-002901,C01086
ORD-002902,C00408
ORD-002903,C01002
ORD-002904,C01073
ORD-002905,C00611
ORD-002906,C00603
ORD-002907,C00087
ORD-002908,C00651
ORD-002909,C00192
ORD-002910,C00290
ORD-002911,C00909
ORD-002912,C00262
ORD-002913,C00684
ORD-002914,C00785
ORD-002915,C00088
ORD-002916,C00515
ORD-002917,C00940
ORD-002918,C01089
ORD-002919,C00360
ORD-002920,C00053
ORD-002921,C00014
ORD-002922,C00353
ORD-002923,C00300
ORD-002924,C01103
ORD-002925,C01054
ORD-002926,C00318
ORD-002927,C00904
ORD-002928,C00064
ORD-002929,C00243
ORD-002930,C00475
ORD-002931,C01046
ORD-002932,C00127
ORD-002933,C01083
ORD-002934,C00185
ORD-002935,C00218
ORD-002936,C01163
ORD-002937,C00754
ORD-002938,C00915
ORD-002939,C00974
ORD-002940,C00531
ORD-002941,C00704
ORD-002942,C00561
ORD-002943,C00415
ORD-002944,C00961
ORD-002945,C00996
ORD-002946,C00710
ORD-002947,C00906
ORD-002948,C00065
ORD-002949,C00312
ORD-002950,C00385
ORD-002951,C00018
ORD-002952,C01014
ORD-002953,C00559
ORD-002954,C00249
ORD-002955,C00565
ORD-002956,C01110
ORD-002957,C01156
ORD-002958,C00825
ORD-002959,C00805
ORD-002960,C00356
ORD-002961,C00434
ORD-002962,C00430
ORD-002963,C00216
ORD-002964,C00929
ORD-002965,C01069
ORD-002966,C00330
ORD-002967,C00477
ORD-002968,C00387
ORD-002969,C00053
ORD-002970,C01083
ORD-002971,C00586
ORD-002972,C00651
ORD-002973,C01100
ORD-002974,C00398
ORD-002975,C01131
ORD-002976,C00866
ORD-002977,C00149
ORD-002978,C00338
ORD-002979,C01153
ORD-002980,C00729
ORD-002981,C01043
ORD-002982,C00236
ORD-002983,C00021
ORD-002984,C00031
ORD-002985,C00241
ORD-002986,C01165
ORD-002987,C00936
ORD-002988,C01131
ORD-002989,C00949
ORD-002990,C00061
ORD-002991,C00451
ORD-002992,C00910
ORD-002993,C00182
ORD-002994,C01140
ORD-002995,C00111
ORD-002996,C00141
ORD-002997,C00469
ORD-002998,C00902
ORD-002999,C00408
ORD-003000,C00869
ORD-003001,C01013
ORD-003002,C00432
ORD-003003,C01082
ORD-003004,C00897
ORD-003005,C00747
ORD-003006,C00178
ORD-003007,C00283
ORD-003008,C00505
ORD-003009,C00997
ORD-003010,C00749
ORD-003011,C00533
ORD-003012,C00318
ORD-003013,C00658
ORD-003014,C00913
ORD-003015,C01086
ORD-003016,C00338
ORD-003017,C01130
ORD-003018,C00667
ORD-003019,C00410
ORD-003020,C00736
ORD-003021,C01089
ORD-003022,C00885
ORD-003023,C01059
ORD-003024,C00619
ORD-003025,C01155
ORD-003026,C01186
ORD-003027,C00760
ORD-003028,C00262
ORD-003029,C00319
ORD-003030,C00324
ORD-003031,C01110
ORD-003032,C01047
ORD-003033,C00486
ORD-003034,C00040
ORD-003035,C00883
ORD-003036,C00701
ORD-003037,C00849
ORD-003038,C00369
ORD-003039,C00722
ORD-003040,C00455
ORD-003041,C00592
ORD-003042,C00901
ORD-003043,C00839
ORD-003044,C00633
ORD-003045,C01097
ORD-003046,C01125
ORD-003047,C00135
ORD-003048,C00631
ORD-003049,C00197
ORD-003050,C00998
ORD-003051,C00737
ORD-003052,C00892
ORD-003053,C00790
ORD-003054,C00790
ORD-003055,C00897
ORD-003056,C00443
ORD-003057,C00277
ORD-003058,C00849
ORD-003059,C00200
ORD-003060,C01067
ORD-003061,C00162
ORD-003062,C00275
ORD-003063,C00849
ORD-003064,C00905
ORD-003065,C01084
ORD-003066,C00267
ORD-003067,C00276
ORD-003068,C00977
ORD-003069,C01028
ORD-003070,C00523
ORD-003071,C01185
ORD-003072,C00800
ORD-003073,C00081
ORD-003074,C00251
ORD-003075,C00510
ORD-003076,C00734
ORD-003077,C00431
ORD-003078,C00829
ORD-003079,C00671
ORD-003080,C00826
ORD-003081,C00930
ORD-003082,C00825
ORD-003083,C00247
ORD-003084,C01123
ORD-003085,C00928
ORD-003086,C00339
ORD-003087,C00082
ORD-003088,C01043
ORD-003089,C01185
ORD-003090,C00409
ORD-003091,C00562
ORD-003092,C00378
ORD-003093,C01152
ORD-003094,C00732
ORD-003095,C00864
ORD-003096,C01051
ORD-003097,C00243
ORD-003098,C00547
ORD-003099,C01095
ORD-003100,C00517
ORD-003101,C00668
ORD-003102,C00518
ORD-003103,C01074
ORD-003104,C01160
ORD-003105,C00817
ORD-003106,C00251
ORD-003107,C00908
ORD-003108,C01123
ORD-003109,C00481
ORD-003110,C00464
ORD-003111,C00654
ORD-003112,C00200
ORD-003113,C00935
ORD-003114,C00814
ORD-003115,C00708
ORD-003116,C01182
ORD-003117,C00648
ORD-003118,C01152
ORD-003119,C00786
ORD-003120,C00267
ORD-003121,C00730
ORD-003122,C00414
ORD-003123,C00824
ORD-003124,C00697
ORD-003125,C00093
ORD-003126,C00828
ORD-003127,C00636
ORD-003128,C00422
ORD-003129,C00518
ORD-003130,C00480
ORD-003131,C00704
ORD-003132,C00185
ORD-003133,C01076
ORD-003134,C00512
ORD-003135,C00217
ORD-003136,C00362
ORD-003137,C00258
ORD-003138,C00090
ORD-003139,C00882
ORD-003140,C01135
ORD-003141,C01084
ORD-003142,C00739
ORD-003143,C00087
ORD-003144,C00943
ORD-003145,C00260
ORD-003146,C00126
ORD-003147,C00659
ORD-003148,C00285
ORD-003149,C00193
ORD-003150,C00428
ORD-003151,C00199
ORD-003152,C00994
ORD-003153,C00511
ORD-003154,C00041
ORD-003155,C00901
ORD-003156,C00250
ORD-003157,C00449
ORD-003158,C00872
ORD-003159,C00223
ORD-003160,C00773
ORD-003161,C00128
ORD-003162,C00356
ORD-003163,C00641
ORD-003164,C00438
ORD-003165,C00683
ORD-003166,C00042
ORD-003167,C01189
ORD-003168,C00594
ORD-003169,C00251
ORD-003170,C00725
ORD-003171,C00579
ORD-003172,C01049
ORD-003173,C00359
ORD-003174,C00103
ORD-003175,C00591
ORD-003176,C00532
ORD-003177,C01131
ORD-003178,C00075
ORD-003179,C00146
ORD-003180,C01111
ORD-003181,C00101
ORD-003182,C00753
ORD-003183,C00113
ORD-003184,C00608
ORD-003185,C00382
ORD-003186,C00840
ORD-003187,C00684
ORD-003188,C00146
ORD-003189,C01014
ORD-003190,C01040
ORD-003191,C00342
ORD-003192,C00810
ORD-003193,C00917
ORD-003194,C01007
ORD-003195,C00689
ORD-003196,C01133
ORD-003197,C00677
ORD-003198,C00021
ORD-003199,C00416
ORD-003200,C00145
ORD-003201,C01076
ORD-003202,C00375
ORD-003203,C01069
ORD-003204,C00408
ORD-003205,C00140
ORD-003206,C01135
ORD-003207,C00374
ORD-003208,C01011
ORD-003209,C00327
ORD-003210,C01066
ORD-003211,C01107
ORD-003212,C00258
ORD-003213,C00214
ORD-003214,C00802
ORD-003215,C00936
ORD-003216,C00069
ORD-003217,C00115
ORD-003218,C01001
ORD-003219,C00309
ORD-003220,C00238
ORD-003221,C00427
ORD-003222,C00809
ORD-003223,C00401
ORD-003224,C00584
ORD-003225,C00985
ORD-003226,C00471
ORD-003227,C00427
ORD-003228,C00359
ORD-003229,C00938
ORD-003230,C00983
ORD-003231,C00754
ORD-003232,C01038
ORD-003233,C00117
ORD-003234,C01094
ORD-003235,C01043
ORD-003236,C00008
ORD-003237,C01130
ORD-003238,C00014
ORD-003239,C00885
ORD-003240,C00185
ORD-003241,C00530
ORD-003242,C00402
ORD-003243,C00514
ORD-003244,C00159
ORD-003245,C00058
ORD-003246,C00970
ORD-003247,C00633
ORD-003248,C00580
ORD-003249,C01006
ORD-003250,C00613
ORD-003251,C00541
ORD-003252,C00296
ORD-003253,C00242
ORD-003254,C00673
ORD-003255,C00294
ORD-003256,C00183
ORD-003257,C00649
ORD-003258,C00836
ORD-003259,C00298
ORD-003260,C00446
ORD-003261,C01101
ORD-003262,C00860
ORD-003263,C00682
ORD-003264,C01101
ORD-003265,C01134
ORD-003266,C00905
ORD-003267,C01065
ORD-003268,C00476
ORD-003269,C00455
ORD-003270,C00438
ORD-003271,C01150
ORD-003272,C00878
ORD-003273,C00803
ORD-003274,C00836
ORD-003275,C00276
ORD-003276,C00955
ORD-003277,C01002
ORD-003278,C00707
ORD-003279,C00921
ORD-003280,C00092
ORD-003281,C00404
ORD-003282,C00110
ORD-003283,C00314
ORD-003284,C00355
ORD-003285,C00418
ORD-003286,C00155
ORD-003287,C00426
ORD-003288,C00357
ORD-003289,C00746
ORD-003290,C00779
ORD-003291,C00632
ORD-003292,C00502
ORD-003293,C00169
ORD-003294,C00225
ORD-003295,C01157
ORD-003296,C00625
ORD-003297,C00800
ORD-003298,C00376
ORD-003299,C00393
ORD-003300,C00543
ORD-003301,C00518
ORD-003302,C00029
ORD-003303,C00427
ORD-003304,C00175
ORD-003305,C00057
ORD-003306,C01043
ORD-003307,C00742
ORD-003308,C01079
ORD-003309,C00003
ORD-003310,C00804
ORD-003311,C00145
ORD-003312,C01092
ORD-003313,C00177
ORD-003314,C00642
ORD-003315,C00081
ORD-003316,C00831
ORD-003317,C00550
ORD-003318,C01096
ORD-003319,C00401
ORD-003320,C00097
ORD-003321,C00221
ORD-003322,C01126
ORD-003323,C01145
ORD-003324,C00990
ORD-003325,C00103
ORD-003326,C00422
ORD-003327,C00172
ORD-003328,C01195
ORD-003329,C00112
ORD-003330,C01096
ORD-003331,C00509
ORD-003332,C00941
ORD-003333,C01112
ORD-003334,C01157
ORD-003335,C00332
ORD-003336,C00038
ORD-003337,C00811
ORD-003338,C01027
ORD-003339,C00865
ORD-003340,C00182
ORD-003341,C01143
ORD-003342,C00145
ORD-003343,C00204
ORD-003344,C00082
ORD-003345,C00500
ORD-003346,C00582
ORD-003347,C01026
ORD-003348,C01027
ORD-003349,C00182
ORD-003350,C00939
ORD-003351,C00972
ORD-003352,C00965
ORD-003353,C00461
ORD-003354,C00174
ORD-003355,C00448
ORD-003356,C00293
ORD-003357,C00477
ORD-003358,C00968
ORD-003359,C00519
ORD-003360,C00308
ORD-003361,C00046
ORD-003362,C00421
ORD-003363,C00036
ORD-003364,C00097
ORD-003365,C00973
ORD-003366,C00086
ORD-003367,C00583
ORD-003368,C00685
ORD-003369,C01026
ORD-003370,C00255
ORD-003371,C00425
ORD-003372,C00970
ORD-003373,C00477
ORD-003374,C00408
ORD-003375,C01174
ORD-003376,C00278
ORD-003377,C00276
ORD-003378,C00719
ORD-003379,C01191
ORD-003380,C00574
ORD-003381,C00004
ORD-003382,C00740
ORD-003383,C00713
ORD-003384,C00354
ORD-003385,C00293
ORD-003386,C00739
ORD-003387,C00493
ORD-003388,C00619
ORD-003389,C00804
ORD-003390,C00333
ORD-003391,C01046
ORD-003392,C00584
ORD-003393,C00225
ORD-003394,C00210
ORD-003395,C00935
ORD-003396,C00524
ORD-003397,C00411
ORD-003398,C00595
ORD-003399,C00372
ORD-003400,C00504
ORD-003401,C01079
ORD-003402,C00943
ORD-003403,C00415
ORD-003404,C00287
ORD-003405,C00291
ORD-003406,C00602
ORD-003407,C00616
ORD-003408,C00201
ORD-003409,C00399
ORD-003410,C00780
ORD-003411,C00713
ORD-003412,C00179
ORD-003413,C00261
ORD-003414,C00082
ORD-003415,C00268
ORD-003416,C00105
ORD-003417,C01174
ORD-003418,C00246
ORD-003419,C00919
ORD-003420,C00343
ORD-003421,C00689
ORD-003422,C00794
ORD-003423,C00965
ORD-003424,C00939
ORD-003425,C00207
ORD-003426,C00217
ORD-003427,C00851
ORD-003428,C00717
ORD-003429,C00664
ORD-003430,C00071
ORD-003431,C01128
ORD-003432,C00747
ORD-003433,C00520
ORD-003434,C00163
ORD-003435,C00697
ORD-003436,C00071
ORD-003437,C00516
ORD-003438,C00631
ORD-003439,C00360
ORD-003440,C01110
ORD-003441,C00949
ORD-003442,C01001
ORD-003443,C00875
ORD-003444,C00638
ORD-003445,C01011
ORD-003446,C00346
ORD-003447,C00833
ORD-003448,C00070
ORD-003449,C00398
ORD-003450,C01160
ORD-003451,C00934
ORD-003452,C00910
ORD-003453,C01192
ORD-003454,C00105
ORD-003455,C00830
ORD-003456,C01179
ORD-003457,C00259
ORD-003458,C00316
ORD-003459,C00677
ORD-003460,C00571
ORD-003461,C00740
ORD-003462,C00819
ORD-003463,C00345
ORD-003464,C00990
ORD-003465,C00329
ORD-003466,C00475
ORD-003467,C00966
ORD-003468,C00295
ORD-003469,C00954
ORD-003470,C00854
ORD-003471,C00465
ORD-003472,C00294
ORD-003473,C00172
ORD-003474,C00753
ORD-003475,C00500
ORD-003476,C00215
ORD-003477,C00258
ORD-003478,C00414
ORD-003479,C00116
ORD-003480,C00625
ORD-003481,C00156
ORD-003482,C00902
ORD-003483,C00228
ORD-003484,C00869
ORD-003485,C00945
ORD-003486,C01109
ORD-003487,C00723
ORD-003488,C00391
ORD-003489,C00424
ORD-003490,C00102
ORD-003491,C00128
ORD-003492,C00064
ORD-003493,C00007
ORD-003494,C00576
ORD-003495,C00959
ORD-003496,C00922
ORD-003497,C01070
ORD-003498,C00323
ORD-003499,C00153
ORD-003500,C00318
ORD-003501,C00083
ORD-003502,C00534
ORD-003503,C00868
ORD-003504,C00881
ORD-003505,C00855
ORD-003506,C00790
ORD-003507,C00881
ORD-003508,C00147
ORD-003509,C00661
ORD-003510,C00728
ORD-003511,C01153
ORD-003512,C01080
ORD-003513,C00305
ORD-003514,C00641
ORD-003515,C00848
ORD-003516,C00769
ORD-003517,C00541
ORD-003518,C00191
ORD-003519,C00938
ORD-003520,C00458
ORD-003521,C00090
ORD-003522,C00293
ORD-003523,C01144
ORD-003524,C00017
ORD-003525,C00460
ORD-003526,C00039
ORD-003527,C00018
ORD-003528,C00832
ORD-003529,C01190
ORD-003530,C00046
ORD-003531,C00663
ORD-003532,C00782
ORD-003533,C01177
ORD-003534,C00514
ORD-003535,C00327
ORD-003536,C00185
ORD-003537,C00506
ORD-003538,C00770
ORD-003539,C00022
ORD-003540,C00994
ORD-003541,C00978
ORD-003542,C00298
ORD-003543,C00448
ORD-003544,C00730
ORD-003545,C00701
ORD-003546,C00868
ORD-003547,C01037
ORD-003548,C00055
ORD-003549,C00709
ORD-003550,C00697
ORD-003551,C00114
ORD-003552,C00959
ORD-003553,C00355
ORD-003554,C00972
ORD-003555,C00808
ORD-003556,C00551
ORD-003557,C00309
ORD-003558,C00918
ORD-003559,C00749
ORD-003560,C00434
ORD-003561,C00529
ORD-003562,C00397
ORD-003563,C00459
ORD-003564,C00518
ORD-003565,C00861
ORD-003566,C00844
ORD-003567,C00930
ORD-003568,C00110
ORD-003569,C00194
ORD-003570,C00571
ORD-003571,C00998
ORD-003572,C00816
ORD-003573,C01055
ORD-003574,C00626
ORD-003575,C00281
ORD-003576,C00675
ORD-003577,C00850
ORD-003578,C00233
ORD-003579,C00429
ORD-003580,C00022
ORD-003581,C01082
ORD-003582,C00310
ORD-003583,C00968
ORD-003584,C00645
ORD-003585,C01020
ORD-003586,C00785
ORD-003587,C00138
ORD-003588,C00076
ORD-003589,C01047
ORD-003590,C00567
ORD-003591,C00293
ORD-003592,C00619
ORD-003593,C01039
ORD-003594,C00779
ORD-003595,C00561
ORD-003596,C00518
ORD-003597,C01009
ORD-003598,C01066
ORD-003599,C00977
ORD-003600,C00366
ORD-003601,C00055
ORD-003602,C00896
ORD-003603,C00680
ORD-003604,C00386
ORD-003605,C00741
ORD-003606,C00067
ORD-003607,C00414
ORD-003608,C01014
ORD-003609,C01114
ORD-003610,C01135
ORD-003611,C00093
ORD-003612,C00423
ORD-003613,C01050
ORD-003614,C00783
ORD-003615,C00546
ORD-003616,C00143
ORD-003617,C00265
ORD-003618,C00644
ORD-003619,C00860
ORD-003620,C00713
ORD-003621,C00637
ORD-003622,C00794
ORD-003623,C00181
ORD-003624,C00452
ORD-003625,C00406
ORD-003626,C00348
ORD-003627,C00379
ORD-003628,C00432
ORD-003629,C00603
ORD-003630,C00692
ORD-003631,C00399
ORD-003632,C00884
ORD-003633,C00409
ORD-003634,C00323
ORD-003635,C00036
ORD-003636,C00200
ORD-003637,C01055
ORD-003638,C00693
ORD-003639,C00075
ORD-003640,C01027
ORD-003641,C00535
ORD-003642,C00222
ORD-003643,C00867
ORD-003644,C00239
ORD-003645,C00383
ORD-003646,C00887
ORD-003647,C00987
ORD-003648,C00784
ORD-003649,C01008
ORD-003650,C01181
ORD-003651,C00520
ORD-003652,C00085
ORD-003653,C00702
ORD-003654,C00528
ORD-003655,C01046
ORD-003656,C00252
ORD-003657,C01124
ORD-003658,C00762
ORD-003659,C01021
ORD-003660,C00721
ORD-003661,C00081
ORD-003662,C00053
ORD-003663,C00357
ORD-003664,C00058
ORD-003665,C00217
ORD-003666,C00685
ORD-003667,C01150
ORD-003668,C00503
ORD-003669,C00410
ORD-003670,C00034
ORD-003671,C00560
ORD-003672,C00541
ORD-003673,C00185
ORD-003674,C00878
ORD-003675,C00382
ORD-003676,C00946
ORD-003677,C00575
ORD-003678,C00212
ORD-003679,C00340
ORD-003680,C00035
ORD-003681,C01046
ORD-003682,C00362
ORD-003683,C00179
ORD-003684,C00986
ORD-003685,C01104
ORD-003686,C00440
ORD-003687,C01093
ORD-003688,C00407
ORD-003689,C00408
ORD-003690,C00030
ORD-003691,C00987
ORD-003692,C00772
ORD-003693,C01097
ORD-003694,C01058
ORD-003695,C01098
ORD-003696,C00353
ORD-003697,C00611
ORD-003698,C00315
ORD-003699,C00514
ORD-003700,C01188
ORD-003701,C00555
ORD-003702,C00310
ORD-003703,C00401
ORD-003704,C00528
ORD-003705,C00611
ORD-003706,C00881
ORD-003707,C00979
ORD-003708,C00387
ORD-003709,C00826
ORD-003710,C00818
ORD-003711,C01087
ORD-003712,C01092
ORD-003713,C00240
ORD-003714,C01083
ORD-003715,C00652
ORD-003716,C01141
ORD-003717,C00002
ORD-003718,C00908
ORD-003719,C00306
ORD-003720,C01136
ORD-003721,C00079
ORD-003722,C00734
ORD-003723,C00138
ORD-003724,C01192
ORD-003725,C00972
ORD-003726,C00638
ORD-003727,C00562
ORD-003728,C00877
ORD-003729,C00699
ORD-003730,C01134
ORD-003731,C00588
ORD-003732,C00791
ORD-003733,C00864
ORD-003734,C00163
ORD-003735,C00413
ORD-003736,C00134
ORD-003737,C00017
ORD-003738,C00428
ORD-003739,C00797
ORD-003740,C00262
ORD-003741,C00592
ORD-003742,C00935
ORD-003743,C00206
ORD-003744,C00531
ORD-003745,C00381
ORD-003746,C00948
ORD-003747,C00909
ORD-003748,C00188
ORD-003749,C00591
ORD-003750,C00894
ORD-003751,C00822
ORD-003752,C00473
ORD-003753,C00632
ORD-003754,C00775
ORD-003755,C00324
ORD-003756,C00343
ORD-003757,C00359
ORD-003758,C00371
ORD-003759,C00668
ORD-003760,C00441
ORD-003761,C00801
ORD-003762,C01198
ORD-003763,C00721
ORD-003764,C01053
ORD-003765,C00711
ORD-003766,C00138
ORD-003767,C01060
ORD-003768,C00119
ORD-003769,C00946
ORD-003770,C00705
ORD-003771,C00076
ORD-003772,C00616
ORD-003773,C00562
ORD-003774,C00482
ORD-003775,C00574
ORD-003776,C00694
ORD-003777,C00402
ORD-003778,C00523
ORD-003779,C00080
ORD-003780,C01186
ORD-003781,C01139
ORD-003782,C00255
ORD-003783,C01112
ORD-003784,C00708
ORD-003785,C00192
ORD-003786,C00509
ORD-003787,C00012
ORD-003788,C00335
ORD-003789,C01022
ORD-003790,C00801
ORD-003791,C00858
ORD-003792,C00547
ORD-003793,C00930
ORD-003794,C01054
ORD-003795,C00693
ORD-003796,C00958
ORD-003797,C00668
ORD-003798,C00150
ORD-003799,C00007
ORD-003800,C00075
ORD-003801,C00869
ORD-003802,C00148
ORD-003803,C00850
ORD-003804,C00880
ORD-003805,C01015
ORD-003806,C01184
ORD-003807,C00853
ORD-003808,C01178
ORD-003809,C00555
ORD-003810,C00283
ORD-003811,C00089
ORD-003812,C00689
ORD-003813,C00609
ORD-003814,C00940
ORD-003815,C00776
ORD-003816,C00745
ORD-003817,C00015
ORD-003818,C00698
ORD-003819,C00982
ORD-003820,C00181
ORD-003821,C00799
ORD-003822,C00459
ORD-003823,C01001
ORD-003824,C00487
ORD-003825,C01134
ORD-003826,C00825
ORD-003827,C00974
ORD-003828,C01053
ORD-003829,C00466
ORD-003830,C00168
ORD-003831,C00073
ORD-003832,C00003
ORD-003833,C00101
ORD-003834,C00846
ORD-003835,C00755
ORD-003836,C00564
ORD-003837,C00854
ORD-003838,C00614
ORD-003839,C00926
ORD-003840,C00417
ORD-003841,C01164
ORD-003842,C00848
ORD-003843,C00874
ORD-003844,C00413
ORD-003845,C01195
ORD-003846,C00129
ORD-003847,C00510
ORD-003848,C00613
ORD-003849,C00263
ORD-003850,C01183
ORD-003851,C00617
ORD-003852,C00865
ORD-003853,C00073
ORD-003854,C00170
ORD-003855,C00673
ORD-003856,C00896
ORD-003857,C00500
ORD-003858,C00293
ORD-003859,C00396
ORD-003860,C00827
ORD-003861,C00187
ORD-003862,C01134
ORD-003863,C00525
ORD-003864,C00203
ORD-003865,C00934
ORD-003866,C00251
ORD-003867,C00556
ORD-003868,C00812
ORD-003869,C00337
ORD-003870,C00436
ORD-003871,C01069
ORD-003872,C00848
ORD-003873,C00709
ORD-003874,C00136
ORD-003875,C00860
ORD-003876,C00220
ORD-003877,C00047
ORD-003878,C01035
ORD-003879,C00807
ORD-003880,C00172
ORD-003881,C00439
ORD-003882,C00844
ORD-003883,C00887
ORD-003884,C00355
ORD-003885,C00727
ORD-003886,C00665
ORD-003887,C00629
ORD-003888,C01183
ORD-003889,C00157
ORD-003890,C00670
ORD-003891,C00809
ORD-003892,C00159
ORD-003893,C00016
ORD-003894,C00346
ORD-003895,C00517
ORD-003896,C00725
ORD-003897,C00758
ORD-003898,C00140
ORD-003899,C00278
ORD-003900,C01088
ORD-003901,C00024
ORD-003902,C00387
ORD-003903,C00313
ORD-003904,C00338
ORD-003905,C00449
ORD-003906,C00083
ORD-003907,C00618
ORD-003908,C00828
ORD-003909,C00490
ORD-003910,C00461
ORD-003911,C00815
ORD-003912,C00840
ORD-003913,C00674
ORD-003914,C00681
ORD-003915,C00280
ORD-003916,C01003
ORD-003917,C00037
ORD-003918,C00106
ORD-003919,C00485
ORD-003920,C00054
ORD-003921,C00373
ORD-003922,C00894
ORD-003923,C00418
ORD-003924,C01002
ORD-003925,C00598
ORD-003926,C00672
ORD-003927,C00912
ORD-003928,C00784
ORD-003929,C00067
ORD-003930,C01059
ORD-003931,C01119
ORD-003932,C00983
ORD-003933,C01037
ORD-003934,C00854
ORD-003935,C00890
ORD-003936,C00450
ORD-003937,C00170
ORD-003938,C00725
ORD-003939,C01142
ORD-003940,C00384
ORD-003941,C00421
ORD-003942,C00158
ORD-003943,C00924
ORD-003944,C00043
ORD-003945,C00181
ORD-003946,C00196
ORD-003947,C00901
ORD-003948,C00202
ORD-003949,C00523
ORD-003950,C00665
ORD-003951,C00908
ORD-003952,C01140
ORD-003953,C00007
ORD-003954,C00643
ORD-003955,C00259
ORD-003956,C00276
ORD-003957,C00828
ORD-003958,C00915
ORD-003959,C00556
ORD-003960,C00464
ORD-003961,C00097
ORD-003962,C01023
ORD-003963,C01176
ORD-003964,C00764
ORD-003965,C00203
ORD-003966,C00726
ORD-003967,C00228
ORD-003968,C00227
ORD-003969,C00774
ORD-003970,C00048
ORD-003971,C00233
ORD-003972,C00353
ORD-003973,C00530
ORD-003974,C00189
ORD-003975,C01085
ORD-003976,C00290
ORD-003977,C00454
ORD-003978,C00658
ORD-003979,C01050
ORD-003980,C00349
ORD-003981,C01133
ORD-003982,C00924
ORD-003983,C00562
ORD-003984,C00178
ORD-003985,C00860
ORD-003986,C00237
ORD-003987,C00543
ORD-003988,C00635
ORD-003989,C00502
ORD-003990,C00009
ORD-003991,C00133
ORD-003992,C00234
ORD-003993,C00349
ORD-003994,C00056
ORD-003995,C00606
ORD-003996,C00789
ORD-003997,C00210
ORD-003998,C01037
ORD-003999,C00200
ORD-004000,C00935
